ID,Group,Data Point,Portal UI,Data Type,Data Source,API Period,Update frequency,Vendor Name,File Name,API / Web link,Logic,Input Field,System Output field,Remarks,
20260709001,Dashboard,Company Name,Top Bar,string,E: Operation Input,-,Sign off,,data-sync-platform-centralized-v2/manual-input/profile/{ticker}/profile.json,,,companyName,profile.companyName,Stable operation-maintained company profile value.,
20260709002,Dashboard,Stock Code,Top Bar,string,E: Operation Input,-,Sign off,,data-sync-platform-centralized-v2/manual-input/profile/{ticker}/profile.json,,,ticker,profile.ticker,Stable operation-maintained company profile value.,
20260709003,Ownership,Issued Share,"Ownership - KPI Cards, Ownership - Ownership Structure, Internal Float - Executive Summary",number,E: Operation Input,Contract Start date,Daily - Next day 1100 HKT,,data-sync-platform-centralized-v2/manual-input/issued-share/{ticker}/issued-share.json,,Operation input. Latest active issued share value is copied into current ownership/internal-float snapshots and market history.,issuedShare,ownership-current.issuedShare; internal-float-current.issuedShare; market-history.records[].issuedShare; reports.ownershipSnapshot.issuedShare,Renamed in portal as Issued Share.,
20260709004,Ownership,Institutional Owners - securityName,"Operations - Hotkeys, Ownership - Data Ingest",text,E: Operation Input,Contract Start date,,,data-sync-platform-centralized-v2/manual-input/institutional-owner/{ticker}/security-name.json,,,securityName,institutionalOwnerSecurityName,Used to match Fintel security ownership rows to the target security.,
20260709005,Ownership,Institutional Owners ,Ownership - KPI Cards,number,A: Vendor,Contract Start date,Daily - Next day 0800 HKT,Fintel,data-sync-platform-centralized-v2/current/{ticker}/ownership-current.json,"Fintel Security Ownership API
https://api.fintel.io/data/v/0.0/so/{country}/{symbol}",Count active Fintel ownership rows where shares > 0 and option/call rows are excluded.,fintel_security_ownership_premium owners filtered where shares > 0 and owners_option != call,institutionalOwners,Count of Institutional Owners ,
20260709006,Ownership,Institutional Owners - Form,Ownership - Institutions Table,text,A: Vendor,Contract Start date,Daily - Next day 0800 HKT,Fintel,data-sync-platform-centralized-v2/history/{ticker}/ownership-history.json,"Fintel Security Ownership API
https://api.fintel.io/data/v/0.0/so/{country}/{symbol}","Collection Rule:
1. owners.owner.securityName = ""IO_security_name ""
2. And owners.putCall not equal to ""Call""",owners[].formType,records[].form,,
20260709007,Ownership,Institutional Owners - Investor,"Ownership - Institutions Table, Ownership - Institution Holdings Breakdown",text,A: Vendor,Contract Start date,Daily - Next day 0800 HKT,Fintel,data-sync-platform-centralized-v2/history/{ticker}/ownership-history.json,"Fintel Security Ownership API
https://api.fintel.io/data/v/0.0/so/{country}/{symbol}","Collection Rule:
1. owners.owner.securityName = ""IO_security_name ""
2. And owners.putCall not equal to ""Call""",owners[].name,records[].holderName,,
20260709008,Ownership,Institutional Owners - File Date,Ownership - Institutions Table,date,A: Vendor,Contract Start date,Daily - Next day 0800 HKT,Fintel,data-sync-platform-centralized-v2/history/{ticker}/ownership-history.json,"Fintel Security Ownership API
https://api.fintel.io/data/v/0.0/so/{country}/{symbol}","Collection Rule:
1. owners.owner.securityName = ""IO_security_name ""
2. And owners.putCall not equal to ""Call""",owners[].fileDate,records[].fileDate,,
20260709009,Ownership,Institutional Owners - Effective Day,Ownership - Institutions Table,date,A: Vendor,Contract Start date,Daily - Next day 0800 HKT,Fintel,data-sync-platform-centralized-v2/history/{ticker}/ownership-history.json,"Fintel Security Ownership API
https://api.fintel.io/data/v/0.0/so/{country}/{symbol}","Collection Rule:
1. owners.owner.securityName = ""IO_security_name ""
2. And owners.putCall not equal to ""Call""",owners[].effectiveDate,records[].effectiveDate,,
20260709010,Ownership,Institutional Owners - Shares,"Ownership - Institutions Table, Ownership - Institution Holdings Breakdown",number,A: Vendor,Contract Start date,Daily - Next day 0800 HKT,Fintel,data-sync-platform-centralized-v2/history/{ticker}/ownership-history.json,"Fintel Security Ownership API
https://api.fintel.io/data/v/0.0/so/{country}/{symbol}","Collection Rule:
1. owners.owner.securityName = ""IO_security_name ""
2. And owners.putCall not equal to ""Call""",owners[].shares,records[].shares,,
20260709011,Ownership,Institutional Owners - values,"Ownership - Institutions Table, Ownership - Institution Holdings Breakdown",number,A: Vendor,Contract Start date,Daily - Next day 0800 HKT,Fintel,data-sync-platform-centralized-v2/history/{ticker}/ownership-history.json,"Fintel Security Ownership API
https://api.fintel.io/data/v/0.0/so/{country}/{symbol}","Collection Rule:
1. owners.owner.securityName = ""IO_security_name ""
2. And owners.putCall not equal to ""Call""",owners[].value,records[].value,,
20260709012,Ownership,Institutional Owners - Shares Changed,Ownership - Institutions Table,percentage,A: Vendor,Contract Start date,Daily - Next day 0800 HKT,Fintel,data-sync-platform-centralized-v2/history/{ticker}/ownership-history.json,"Fintel Security Ownership API
https://api.fintel.io/data/v/0.0/so/{country}/{symbol}","Collection Rule:
1. owners.owner.securityName = ""IO_security_name ""
2. And owners.putCall not equal to ""Call""",owners[].percentChange,records[].sharesChangedPercent,,
20260709013,Ownership,Institutional Owners - Value Changed,Ownership - Institutions Table,percentage,A: Vendor,Contract Start date,Daily - Next day 0800 HKT,Fintel,data-sync-platform-centralized-v2/history/{ticker}/ownership-history.json,"Fintel Security Ownership API
https://api.fintel.io/data/v/0.0/so/{country}/{symbol}","Collection Rule:
1. owners.owner.securityName = ""IO_security_name ""
2. And owners.putCall not equal to ""Call""",owners[].percentValueChange,records[].valueChangedPercent,,
20260709014,Ownership,Total Institutional Shares Long,"Ownership - KPI Cards, Ownership - Institution Holdings Breakdown",number,C: Backend,Contract Start date,Daily - Next day 0800 HKT,,data-sync-platform-centralized-v2/current/{ticker}/ownership-current.json,,Sum shares from active Fintel security ownership rows where shares > 0 and option/call rows are excluded.,fintel active non-call owners[].shares,institutionalSharesLong; reports.ownershipSnapshot.institutionalShares,,
20260709015,Ownership,Institutional Holding %,"Ownership - KPI Cards, Ownership - Institution Holdings Breakdown",percentage,C: Backend,Contract Start date,Daily - Next day 0800 HKT,,data-sync-platform-centralized-v2/current/{ticker}/ownership-current.json,,institutionalSharesLong / issuedShare * 100,"institutionalSharesLong, issuedShare",institutionalHoldingPercent,Replace AVG portfolio allocation,
20260709016,Ownership,Total Institutional Value,"Ownership - KPI Cards, Ownership - Institution Holdings Breakdown",number,C: Backend,Contract Start date,Daily - Next day 0800 HKT,,data-sync-platform-centralized-v2/current/{ticker}/ownership-current.json,,"Sum Fintel raw values for active non-call rows, divided by 1000 for portal display.",fintel active non-call owners[].value,institutionalValue,,
20260709017,Ownership,Ownership Structure - total Institutions values,"Ownership - Ownership Structure, Ownership - Institution Holdings Breakdown",number,C: Backend,Contract Start date,Daily - Next day 0800 HKT,,data-sync-platform-centralized-v2/current/{ticker}/ownership-current.json,,Sum of owners.shares,institutionalSharesLong,institutionalSharesLong,,
20260709018,Ownership,Ownership Structure - total Institutions values %,"Ownership - Ownership Structure, Ownership - Institution Holdings Breakdown",percentage,C: Backend,Contract Start date,Daily - Next day 0800 HKT,,data-sync-platform-centralized-v2/current/{ticker}/ownership-current.json,,institutionalSharesLong / issuedShare * 100,"institutionalSharesLong, issuedShare",institutionalHoldingPercent,,
20260709019,Ownership,Ownership Structure - total Strategic Entities,"Ownership - Ownership Structure, Ownership - Internal Float Breakdown, Internal Float - Management Holdings",number,C: Backend,Contract Start date,Daily - Next day 0800 HKT,,data-sync-platform-centralized-v2/current/{ticker}/ownership-current.json,,Sum operation management/strategic records where showInOwnership is true and not deleted.,strategicEntities.records[].shares,strategicEntities.shares; reports.ownershipSnapshot.strategicShares,,
20260709020,Ownership,Ownership Structure - total Strategic Entities %,"Ownership - Ownership Structure, Ownership - Internal Float Breakdown, Internal Float - Management Holdings",percentage,C: Backend,Contract Start date,Daily - Next day 0800 HKT,,data-sync-platform-centralized-v2/current/{ticker}/ownership-current.json,,strategicEntities.shares / issuedShare * 100,"strategicEntities.shares, issuedShare",strategicEntities.percent,,
20260709021,Ownership,Ownership Structure - Public Float,"Ownership - Ownership Structure, Ownership - Internal Float Breakdown, Internal Float - Executive Summary",number,C: Backend,Contract Start date,Daily - Next day 0800 HKT,,data-sync-platform-centralized-v2/current/{ticker}/ownership-current.json,,issuedShare - institutionalSharesLong - strategicEntities.shares,"issuedShare, institutionalSharesLong, strategicEntities.shares",publicFloat.shares; reports.ownershipSnapshot.publicFloatShares,,
20260709022,Ownership,Ownership Structure - Public Float %,"Ownership - Ownership Structure, Ownership - Internal Float Breakdown, Internal Float - Executive Summary",percentage,C: Backend,Contract Start date,Daily - Next day 0800 HKT,,data-sync-platform-centralized-v2/current/{ticker}/ownership-current.json,,publicFloat.shares / issuedShare * 100,"publicFloat.shares, issuedShare",publicFloat.percent,,
20260709023,Ownership,"Management / Strategic Holdings - Holder
(Internal float - Suggested to Add/ Update), Review reported holdings","Internal Float - Management Holdings, Ownership - Internal Float Breakdown, Operations - Internal Float Inputs",text,E: Operation Input,Contract Start date,Daily - Next day 1100 HKT,,data-sync-platform-centralized-v2/manual-input/management-holdings/{ticker}/management-holdings.json,,"Refer SEC S1,3/A,4,20G",records[].holderName,ownership-current.strategicEntities.records[].holderName; internal-float-current.suggestedChanges[].holderName,,
20260709024,Ownership,"Management / Strategic Holdings - Category
(Internal float - Suggested to Add/ Update), Review reported holdings","Internal Float - Management Holdings, Ownership - Internal Float Breakdown, Operations - Internal Float Inputs",text,E: Operation Input,Contract Start date,Daily - Next day 1100 HKT,,data-sync-platform-centralized-v2/manual-input/management-holdings/{ticker}/management-holdings.json,,"Refer SEC S1,3/A,4,20G",records[].category,ownership-current.strategicEntities.records[].category; internal-float-current.suggestedChanges[].category,,
20260709025,Ownership,"Management / Strategic Holdings - Shares
(Internal float - Suggested to Add/ Update), Review reported holdings","Internal Float - Management Holdings, Ownership - Internal Float Breakdown, Operations - Internal Float Inputs",number,E: Operation Input,Contract Start date,Daily - Next day 1100 HKT,,data-sync-platform-centralized-v2/manual-input/management-holdings/{ticker}/management-holdings.json,,"Refer SEC S1,3/A,4,20G",records[].shares,ownership-current.strategicEntities.records[].shares; internal-float-current.suggestedChanges[].shares,,
20260709026,Ownership,"Management / Strategic Holdings - % of Shares
(Internal float - Suggested to Add/ Update), Review reported holdings","Internal Float - Management Holdings, Ownership - Internal Float Breakdown, Operations - Internal Float Inputs",percentage,E: Operation Input,Contract Start date,Daily - Next day 1100 HKT,,data-sync-platform-centralized-v2/manual-input/management-holdings/{ticker}/management-holdings.json,,shares / issuedShare * 100 when not manually supplied by operations.,records[].percentOfShares,ownership-current.strategicEntities.records[].percentOfShares; internal-float-current.suggestedChanges[].percentOfShares,,
20260709027,Ownership,"Management / Strategic Holdings - fileDate
(Internal float - Suggested to Add/ Update), Review reported holdings","Internal Float - Management Holdings, Ownership - Internal Float Breakdown, Operations - Internal Float Inputs",date,E: Operation Input,Contract Start date,Daily - Next day 1100 HKT,,data-sync-platform-centralized-v2/manual-input/management-holdings/{ticker}/management-holdings.json,,"Refer SEC S1,3/A,4,20G",records[].fileDate,ownership-current.strategicEntities.records[].fileDate; internal-float-current.suggestedChanges[].fileDate,,
20260709028,Ownership,"Management / Strategic Holdings - effectiveDate
(Internal float - Suggested to Add/ Update), Review reported holdings","Internal Float - Management Holdings, Ownership - Internal Float Breakdown, Operations - Internal Float Inputs",date,E: Operation Input,Contract Start date,Daily - Next day 1100 HKT,,data-sync-platform-centralized-v2/manual-input/management-holdings/{ticker}/management-holdings.json,,"Refer SEC S1,3/A,4,20G",records[].effectiveDate,ownership-current.strategicEntities.records[].effectiveDate; internal-float-current.suggestedChanges[].effectiveDate,,
20260709029,Ownership,"Management / Strategic Holdings - filings__form
(Internal float - Suggested to Add/ Update), Review reported holdings","Internal Float - Management Holdings, Ownership - Internal Float Breakdown, Operations - Internal Float Inputs",text,E: Operation Input,Contract Start date,Daily - Next day 1100 HKT,,data-sync-platform-centralized-v2/manual-input/management-holdings/{ticker}/management-holdings.json,,"Refer SEC S1,3/A,4,20G",records[].form,ownership-current.strategicEntities.records[].form; internal-float-current.suggestedChanges[].form,,
20260709030,Internal Float,Internal Float - Real Tradable Float,"Internal Float - Executive Summary, Ownership - Ownership Structure",number,C: Backend,Contract Start date,Daily - Next day 1100 HKT,,data-sync-platform-centralized-v2/current/{ticker}/internal-float-current.json,,issuedShare - institutionalSharesLong - managementStrategicHoldings.shares - tokenizedShares.shares - collateralizedShares.shares,"issuedShare, institutionalSharesLong, managementStrategicHoldings.shares, tokenizedShares.shares, collateralizedShares.shares",realTradableFloat.shares,,
20260709031,Internal Float,Internal Float - Real Tradable Float - ratio,"Internal Float - Executive Summary, Ownership - Ownership Structure",percentage,C: Backend,Contract Start date,Daily - Next day 1100 HKT,,data-sync-platform-centralized-v2/current/{ticker}/internal-float-current.json,,realTradableFloat.shares / issuedShare * 100,"realTradableFloat.shares, issuedShare",realTradableFloat.percentOfIssuedShare,,
20260709032,Internal Float,Float Reduction,"Internal Float - Executive Summary, Ownership - Ownership Structure",percentage,C: Backend,Contract Start date,Daily - Next day 1100 HKT,,data-sync-platform-centralized-v2/current/{ticker}/internal-float-current.json,,(managementStrategicHoldings.shares + tokenizedShares.shares + collateralizedShares.shares) / issuedShare * 100,"managementStrategicHoldings.shares + tokenizedShares.shares + collateralizedShares.shares, issuedShare",floatReductionPercent,Not currently materialized as a top-level field in centralized v2; can be added if needed.,
20260709033,Internal Float,Private Friendly Holders,"Internal Float - Management Holdings, Internal Float - Activity Log, Operations - Internal Float Inputs",number,B: User Input,,,,data-sync-platform-centralized-v2/manual-input/internal-float-inputs/{ticker}/internal-float-inputs.json,,Must > Public Float,managementStrategicHoldings.records[].shares,managementStrategicHoldings.shares,,
20260709034,Internal Float,Private Friendly Holders - ratio,"Internal Float - Management Holdings, Internal Float - Activity Log, Operations - Internal Float Inputs",percentage,C: Backend,,,,data-sync-platform-centralized-v2/current/{ticker}/internal-float-current.json,,managementStrategicHoldings.shares / issuedShare * 100,"managementStrategicHoldings.shares, issuedShare",managementStrategicHoldings.percentOfIssuedShare,Not currently materialized as a top-level percent field; can be calculated by frontend/backend.,
20260709035,Internal Float,Total Tokenized Shares,"Internal Float - Tokenized Shares, Internal Float - Activity Log, Operations - Internal Float Inputs",number,B: User Input,,,,data-sync-platform-centralized-v2/manual-input/internal-float-inputs/{ticker}/internal-float-inputs.json,,Must > Public Float,tokenizedShares.records[].shares,tokenizedShares.shares,,
20260709036,Internal Float,Total Tokenized Shares - ratio,"Internal Float - Tokenized Shares, Internal Float - Activity Log, Operations - Internal Float Inputs",percentage,C: Backend,,,,data-sync-platform-centralized-v2/current/{ticker}/internal-float-current.json,,tokenizedShares.shares / issuedShare * 100,"tokenizedShares.shares, issuedShare",tokenizedShares.percentOfIssuedShare,Not currently materialized as a top-level percent field; can be added if needed.,
20260709037,Internal Float,Total Insider Shares,"Internal Float - Suggested Insider Holdings, Internal Float - Management Holdings",number,B: User Input,,,,data-sync-platform-centralized-v2/current/{ticker}/internal-float-current.json,,,suggestedChanges[].shares where category = Insider,suggestedChanges[].shares,"Insider records should be suggested for management/strategic holdings, not shown separately in ownership chart.",
20260709038,Internal Float,Total Insider Shares - ratio,"Internal Float - Suggested Insider Holdings, Internal Float - Management Holdings",percentage,C: Backend,,,,data-sync-platform-centralized-v2/current/{ticker}/internal-float-current.json,,sum suggested insider shares / issuedShare * 100,"suggestedChanges[].shares where category = Insider, issuedShare",suggestedInsiderPercent,Not currently materialized as a top-level field.,
20260709039,Internal Float,Total Collateralized Shares,"Internal Float - Collateralized Shares, Internal Float - Activity Log, Operations - Internal Float Inputs",number,B: User Input,,,,data-sync-platform-centralized-v2/manual-input/internal-float-inputs/{ticker}/internal-float-inputs.json,,,collateralizedShares.records[].shares,collateralizedShares.shares,,
20260709040,Internal Float,Total Collateralized Shares - ratio,"Internal Float - Collateralized Shares, Internal Float - Activity Log, Operations - Internal Float Inputs",percentage,C: Backend,,,,data-sync-platform-centralized-v2/current/{ticker}/internal-float-current.json,,collateralizedShares.shares / issuedShare * 100,"collateralizedShares.shares, issuedShare",collateralizedShares.percentOfIssuedShare,Not currently materialized as a top-level percent field; can be added if needed.,
20260709041,Internal Float,Internal Float - Holder,"Internal Float - Management Holdings, Internal Float - Activity Log, Operations - Internal Float Inputs",string,B: User Input,,,,data-sync-platform-centralized-v2/manual-input/internal-float-inputs/{ticker}/internal-float-inputs.json,,Management / Strategic / Insiders,managementStrategicHoldings.records[].holderName,managementStrategicHoldings.records[].holderName,,
20260709042,Internal Float,Internal Float - Category,"Internal Float - Management Holdings, Internal Float - Activity Log, Operations - Internal Float Inputs",string,B: User Input,,,,data-sync-platform-centralized-v2/manual-input/internal-float-inputs/{ticker}/internal-float-inputs.json,,,managementStrategicHoldings.records[].category,managementStrategicHoldings.records[].category,,
20260709043,Internal Float,Internal Float - Shares,"Internal Float - Management Holdings, Internal Float - Activity Log, Operations - Internal Float Inputs",number,B: User Input,,,,data-sync-platform-centralized-v2/manual-input/internal-float-inputs/{ticker}/internal-float-inputs.json,,,managementStrategicHoldings.records[].shares,managementStrategicHoldings.records[].shares,,
20260709044,Internal Float,Internal Float - Float Impact,"Internal Float - Management Holdings, Internal Float - Activity Log, Operations - Internal Float Inputs",number,B: User Input,,,,data-sync-platform-centralized-v2/manual-input/internal-float-inputs/{ticker}/internal-float-inputs.json,,,managementStrategicHoldings.records[].includeInDeduction,managementStrategicHoldings.records[].includeInDeduction,,
20260709045,Internal Float,Internal Float - Notes,"Internal Float - Management Holdings, Internal Float - Activity Log, Operations - Internal Float Inputs",string,B: User Input,,,,data-sync-platform-centralized-v2/manual-input/internal-float-inputs/{ticker}/internal-float-inputs.json,,,managementStrategicHoldings.records[].notes,managementStrategicHoldings.records[].notes,,
20260709046,Internal Float,Tokenized Shares & Providers - Chain,"Internal Float - Tokenized Shares, Internal Float - Activity Log, Operations - Internal Float Inputs",text,B: User Input,,,,data-sync-platform-centralized-v2/manual-input/internal-float-inputs/{ticker}/internal-float-inputs.json,,,tokenizedShares.records[].chain,tokenizedShares.records[].chain,,
20260709047,Internal Float,Tokenized Shares & Providers - Share,"Internal Float - Tokenized Shares, Internal Float - Activity Log, Operations - Internal Float Inputs",number,B: User Input,,,,data-sync-platform-centralized-v2/manual-input/internal-float-inputs/{ticker}/internal-float-inputs.json,,,tokenizedShares.records[].shares,tokenizedShares.records[].shares,,
20260709048,Internal Float,Tokenized Shares & Providers - Tokenization Provider,"Internal Float - Tokenized Shares, Internal Float - Activity Log, Operations - Internal Float Inputs",string,B: User Input,,,,data-sync-platform-centralized-v2/manual-input/internal-float-inputs/{ticker}/internal-float-inputs.json,,,tokenizedShares.records[].shares,tokenizedShares.records[].shares,,
20260709049,Internal Float,Tokenized Shares - ratio,"Internal Float - Tokenized Shares, Internal Float - Activity Log, Operations - Internal Float Inputs",percentage,C: Backend,,,,data-sync-platform-centralized-v2/current/{ticker}/internal-float-current.json,,tokenizedShares.shares / issuedShare * 100,"tokenizedShares.shares, issuedShare",tokenizedShares.percentOfIssuedShare,Not currently materialized as a top-level percent field; can be added if needed.,
20260709050,Internal Float,Collateralized Shares - Chain,"Internal Float - Collateralized Shares, Internal Float - Activity Log, Operations - Internal Float Inputs",text,B: User Input,,,,data-sync-platform-centralized-v2/manual-input/internal-float-inputs/{ticker}/internal-float-inputs.json,,,collateralizedShares.records[].chain,collateralizedShares.records[].chain,,
20260709051,Internal Float,Collateralized Shares - Share,"Internal Float - Collateralized Shares, Internal Float - Activity Log, Operations - Internal Float Inputs",number,B: User Input,,,,data-sync-platform-centralized-v2/manual-input/internal-float-inputs/{ticker}/internal-float-inputs.json,,,collateralizedShares.records[].shares,collateralizedShares.records[].shares,,
20260709052,Internal Float,Collateralized Shares - Protocol,"Internal Float - Collateralized Shares, Internal Float - Activity Log, Operations - Internal Float Inputs",string,B: User Input,,,,data-sync-platform-centralized-v2/manual-input/internal-float-inputs/{ticker}/internal-float-inputs.json,,,collateralizedShares.records[].shares,collateralizedShares.records[].shares,,
20260709053,Internal Float,Collateralized Shares - ratio,"Internal Float - Collateralized Shares, Internal Float - Activity Log, Operations - Internal Float Inputs",percentage,C: Backend,,,,data-sync-platform-centralized-v2/current/{ticker}/internal-float-current.json,,collateralizedShares.shares / issuedShare * 100,"collateralizedShares.shares, issuedShare",collateralizedShares.percentOfIssuedShare,Not currently materialized as a top-level percent field; can be added if needed.,
20260709054,Internal Float,Suggest Insiders - Invester,Internal Float - Suggested Insider Holdings,number,A: Vendor,Contract Start date,Daily - Next day 0800 HKT,Fintel,data-sync-platform-centralized-v2/fintel/{YYYY-MM-DD}/fintel_activist_filings_premium_{ticker}_{YYYY-MM-DD}.json,"Fintel Activist (13D/G) Filings API
https://api.fintel.io/data/v/0.0/so/{country}/{symbol}/bo",,owners[].name,internal-float-current.suggestedChanges[],Vendor insider/activist data may be transformed into operation suggestions before customer approval.,
20260709055,Internal Float,Suggest Insiders - Form,Internal Float - Suggested Insider Holdings,text,A: Vendor,Contract Start date,Daily - Next day 0800 HKT,,data-sync-platform-centralized-v2/fintel/{YYYY-MM-DD}/fintel_activist_filings_premium_{ticker}_{YYYY-MM-DD}.json,"Fintel Activist (13D/G) Filings API
https://api.fintel.io/data/v/0.0/so/{country}/{symbol}/bo",,owners[].formType,internal-float-current.suggestedChanges[],Vendor insider/activist data may be transformed into operation suggestions before customer approval.,
20260709056,Internal Float,Suggest Insiders - File Date,Internal Float - Suggested Insider Holdings,date,A: Vendor,Contract Start date,Daily - Next day 0800 HKT,,data-sync-platform-centralized-v2/fintel/{YYYY-MM-DD}/fintel_activist_filings_premium_{ticker}_{YYYY-MM-DD}.json,"Fintel Activist (13D/G) Filings API
https://api.fintel.io/data/v/0.0/so/{country}/{symbol}/bo",,owners[].fileDate,internal-float-current.suggestedChanges[],Vendor insider/activist data may be transformed into operation suggestions before customer approval.,
20260709057,Internal Float,Suggest Insiders - Effective Date,Internal Float - Suggested Insider Holdings,date,A: Vendor,Contract Start date,Daily - Next day 0800 HKT,,data-sync-platform-centralized-v2/fintel/{YYYY-MM-DD}/fintel_activist_filings_premium_{ticker}_{YYYY-MM-DD}.json,"Fintel Activist (13D/G) Filings API
https://api.fintel.io/data/v/0.0/so/{country}/{symbol}/bo",,owners[].effectiveDate,internal-float-current.suggestedChanges[],Vendor insider/activist data may be transformed into operation suggestions before customer approval.,
20260709058,Internal Float,Suggest Insiders - Ownership %,Internal Float - Suggested Insider Holdings,percentage,A: Vendor,Contract Start date,Daily - Next day 0800 HKT,,data-sync-platform-centralized-v2/fintel/{YYYY-MM-DD}/fintel_activist_filings_premium_{ticker}_{YYYY-MM-DD}.json,"Fintel Activist (13D/G) Filings API
https://api.fintel.io/data/v/0.0/so/{country}/{symbol}/bo",,owners[].ownershipPercent,internal-float-current.suggestedChanges[],Vendor insider/activist data may be transformed into operation suggestions before customer approval.,
20260709059,Internal Float,Suggest Insiders - Ownershp change,Internal Float - Suggested Insider Holdings,number,A: Vendor,Contract Start date,Daily - Next day 0800 HKT,,data-sync-platform-centralized-v2/fintel/{YYYY-MM-DD}/fintel_activist_filings_premium_{ticker}_{YYYY-MM-DD}.json,"Fintel Activist (13D/G) Filings API
https://api.fintel.io/data/v/0.0/so/{country}/{symbol}/bo",,owners[].ownershipPercentChange,internal-float-current.suggestedChanges[].ownershipPercentChange,Vendor insider/activist data may be transformed into operation suggestions before customer approval.,
20260709060,Internal Float,Suggest Insiders - Shares,Internal Float - Suggested Insider Holdings,number,A: Vendor,Contract Start date,Daily - Next day 0800 HKT,,data-sync-platform-centralized-v2/fintel/{YYYY-MM-DD}/fintel_activist_filings_premium_{ticker}_{YYYY-MM-DD}.json,"Fintel Activist (13D/G) Filings API
https://api.fintel.io/data/v/0.0/so/{country}/{symbol}/bo",,owners[].shares,internal-float-current.suggestedChanges[],Vendor insider/activist data may be transformed into operation suggestions before customer approval.,
20260709061,Internal Float,Suggest Insiders - Shares Change,Internal Float - Suggested Insider Holdings,number,A: Vendor,Contract Start date,Daily - Next day 0800 HKT,,data-sync-platform-centralized-v2/fintel/{YYYY-MM-DD}/fintel_activist_filings_premium_{ticker}_{YYYY-MM-DD}.json,"Fintel Activist (13D/G) Filings API
https://api.fintel.io/data/v/0.0/so/{country}/{symbol}/bo",,owners[].sharesChange,internal-float-current.suggestedChanges[],Vendor insider/activist data may be transformed into operation suggestions before customer approval.,
20260709062,Internal Float,Suggest Insiders - Shares % change,Internal Float - Suggested Insider Holdings,percentage,A: Vendor,Contract Start date,Daily - Next day 0800 HKT,,data-sync-platform-centralized-v2/fintel/{YYYY-MM-DD}/fintel_activist_filings_premium_{ticker}_{YYYY-MM-DD}.json,"Fintel Activist (13D/G) Filings API
https://api.fintel.io/data/v/0.0/so/{country}/{symbol}/bo",,owners[].sharesChange,internal-float-current.suggestedChanges[],Vendor insider/activist data may be transformed into operation suggestions before customer approval.,
20260709063,Short Interest,Short Score,"Short Interest - Score, Dashboard - Alert Center",number,E: Operation Input,Contract Start date,"Daily - 
Next day 1100 HKT",Fintel,data-sync-platform-centralized-v2/manual-input/short-score/{ticker}/{YYYY-MM-DD}/short-score.json,https://fintel.io/ss/us/curr,Short Squeeze Score,shortScore,market-current.scores.shortScore.value; market-history.records[].shortScore; reports.marketSnapshot.shortScore,,*
20260709064,Short Interest,Short Score - Num change,"Short Interest - Score, Dashboard - Alert Center",number,C: Backend,-,-,TBA,data-sync-platform-centralized-v2/history/{ticker}/market-history.json,Internal Calculation,shortScore(T) - shortScore(T-1),"records[].shortScore(T), records[].shortScore(T-1)",market-current.scores.shortScore.numChange; reports.marketSnapshot.shortScore,currentShortScore - priorShortScore,*
20260709065,Short Interest,Short Score - % change,"Short Interest - Score, Dashboard - Alert Center",percentage,C: Backend,-,-,TBA,data-sync-platform-centralized-v2/manual-input/short-score/{ticker}/{YYYY-MM-DD}/short-score.json,Internal Calculation,((short_score(T) - short_score(T-1)) / short_score(T-1)) * 100 ,shortScore,market-current.scores.shortScore.value; market-history.records[].shortScore; reports.marketSnapshot.shortScore,(currentShortScore - priorShortScore) / priorShortScore * 100,*
20260709066,Short Interest,Short Score - Risk Factor,"Short Interest - Score, Dashboard - Alert Center",string,C: Backend,-,-,TBA,data-sync-platform-centralized-v2/current/{ticker}/market-current.json,Internal Calculation,<=25 Low; <=50 Moderate; <=75 High; >75 Extreme,scores.shortScore.value,scores.shortScore.riskFactor; riskSummary.shortInterestRisk,Threshold label from shortScore: Low / Moderate / High / Extreme. Exact thresholds TBD.,*
20260709067,Short Interest,Short Interest,"Short Interest - Market Snapshot, Short Interest - Trend Charts, Dashboard - Alert Center",number,A: Vendor,(2018-),"Daily - 
Next day 1100 HKT",Chart Exchange,data-sync-platform-centralized-v2/current/{ticker}/market-current.json,GET /v1/data/stocks/short-interest-daily/,Direct Mapping,chartexchange_short_interest_daily.short_position,shortInterest.shares; market-history.records[].shortInterestShares; reports.marketSnapshot.shortInterestShares,Short Interest =  short_position (number of shares),*
20260709068,Short Interest,Short Interest - Num change,"Short Interest - Market Snapshot, Short Interest - Trend Charts, Dashboard - Alert Center",number,C: Backend,-,-,TBA,data-sync-platform-centralized-v2/history/{ticker}/market-history.json,Internal Calculation,shortInterestShares(T) - shortInterestShares(T-1),"records[].shortInterestShares(T), records[].shortInterestShares(T-1)",market-current.shortInterest.numChange,currentShortInterest - priorShortInterest,*
20260709069,Short Interest,Short Interest - % change,"Short Interest - Market Snapshot, Short Interest - Trend Charts, Dashboard - Alert Center",percentage,C: Backend,-,-,TBA,data-sync-platform-centralized-v2/current/{ticker}/market-current.json,Internal Calculation,((short_interest(T) - short_interest(T-1)) / short_interest(T-1)) * 100,chartexchange_short_interest_daily.short_interest,shortInterest.percent; market-history.records[].shortInterestPercent,"Raw ChartExchange field `short_interest` is SI percent, not shares.",*
20260709070,Short Interest,Short Interest - Current Interpretation,Short Interest - AI Analysis,text,D: AI Engine / Rule Engine,,,,data-sync-platform-centralized-v2/current/{ticker}/ai-analysis-current.json,,,shortInterest.analysis,shortInterest.analysis,Missing in current centralized v2 package; expected future output.,
20260709071,Short Interest,Short Interest - Management Watch Items,Short Interest - AI Analysis,text,D: AI Engine / Rule Engine,,,,data-sync-platform-centralized-v2/current/{ticker}/ai-analysis-current.json,,,shortInterest.watchItems[],shortInterest.watchItems[],Missing in current centralized v2 package; expected future output if watch items remain required.,
20260709072,Short Interest,Short Interest % ,"Short Interest - Market Snapshot, Short Interest - Trend Charts, Dashboard - Alert Center",percentage,A: Vendor,(2018-),"Daily - 
Next day 1100 HKT",Chart Exchange,data-sync-platform-centralized-v2/current/{ticker}/market-current.json,GET /v1/data/stocks/short-interest-daily/,Direct Mapping,chartexchange_short_interest_daily.short_interest,shortInterest.percent; market-history.records[].shortInterestPercent,"Raw ChartExchange field `short_interest` is SI percent, not shares.",*
20260709073,Short Interest,Short Interest % - Num change,"Short Interest - Market Snapshot, Short Interest - Trend Charts, Dashboard - Alert Center",number,C: Backend,-,-,TBA,data-sync-platform-centralized-v2/history/{ticker}/market-history.json,Internal Calculation,shortInterestPercent(T) - shortInterestPercent(T-1),"records[].shortInterestPercent(T), records[].shortInterestPercent(T-1)",market-current.shortInterest.numChange,currentSiPercentFloat - priorSiPercentFloat,*
20260709074,Short Interest,Short Interest % - % change,"Short Interest - Market Snapshot, Short Interest - Trend Charts, Dashboard - Alert Center",percentage,C: Backend,-,-,TBA,data-sync-platform-centralized-v2/current/{ticker}/market-current.json,Internal Calculation,"((short_interest_percent(T) - short_interest_percent(T-1)) / short_interest_percent(T-1)) * 100 
",chartexchange_short_interest_daily.short_interest,shortInterest.percent; market-history.records[].shortInterestPercent,"Raw ChartExchange field `short_interest` is SI percent, not shares.",*
20260709075,Borrow Fee,Borrow Fee %,"Dashboard - KPI Cards, Dashboard - Trend Overview, Short Interest - Market Snapshot, Lending Pressure - Market Snapshot, Dashboard - Alert Center",percentage,A: Vendor,(2016-),"Daily - 
Next day 1100 HKT",Chart Exchange,data-sync-platform-centralized-v2/current/{ticker}/market-current.json,GET /v1/data/stocks/borrow-fee/ib/,Daily last record ,chartexchange_borrow_fee_ib.fee,borrowFee.percent; market-history.records[].borrowFeePercent; reports.marketSnapshot.borrowFeePercent,,*
20260709076,Borrow Fee,Borrow Fee - Num change,"Dashboard - KPI Cards, Dashboard - Trend Overview, Short Interest - Market Snapshot, Lending Pressure - Market Snapshot, Dashboard - Alert Center",number,C: Backend,-,-,TBA,data-sync-platform-centralized-v2/history/{ticker}/market-history.json,Internal Calculation,borrowFeePercent(T) - borrowFeePercent(T-1),"records[].borrowFeePercent(T), records[].borrowFeePercent(T-1)",market-current.borrowFee.numChange,,*
20260709077,Borrow Fee,Borrow Fee - % change,"Dashboard - KPI Cards, Dashboard - Trend Overview, Short Interest - Market Snapshot, Lending Pressure - Market Snapshot, Dashboard - Alert Center",percentage,C: Backend,-,-,TBA,data-sync-platform-centralized-v2/current/{ticker}/market-current.json,Internal Calculation,"((borrow_fee_percent(T) - borrow_fee_percent(T-1)) / borrow_fee_percent(T-1)) * 100 
",chartexchange_borrow_fee_ib.fee,borrowFee.percent; market-history.records[].borrowFeePercent; reports.marketSnapshot.borrowFeePercent,,*
20260709078,Borrow Fee,Borrow Fee - Risk Factor,"Dashboard - KPI Cards, Dashboard - Trend Overview, Short Interest - Market Snapshot, Lending Pressure - Market Snapshot, Dashboard - Alert Center",string,C: Backend,-,-,TBA,data-sync-platform-centralized-v2/current/{ticker}/market-current.json,Internal Calculation,<25 Low; <50 Moderate; <=75 High; >75 Extreme,borrowFee.percent,borrowFee.riskFactor,Threshold label from borrowFeePercent: Low / Moderate / High / Extreme. Exact thresholds TBD.,*
20260709079,Days to Cover,Days to Cover,"Dashboard - KPI Cards, Dashboard - Trend Overview, Short Interest - Market Snapshot",number,A: Vendor,(2018-),"Daily - 
Next day 1100 HKT",Chart Exchange,data-sync-platform-centralized-v2/current/{ticker}/market-current.json,GET /v1/data/stocks/short-interest-daily/,Direct Mapping,chartexchange_short_interest_daily.days_to_cover,daysToCover.value; market-history.records[].daysToCover; reports.marketSnapshot.daysToCover,"Remarks 
1) Data from Finra. Finra publishes an updated file every two weeks.
2) Days to Cover (DTC) is also called Short Ratio. This is the Short Position / Average Daily Trading Volume.",*
20260709080,Days to Cover,Days to Cover - Num change,"Dashboard - KPI Cards, Dashboard - Trend Overview, Short Interest - Market Snapshot",number,C: Backend,-,-,-,data-sync-platform-centralized-v2/history/{ticker}/market-history.json,Internal Calculation,daysToCover(T) - daysToCover(T-1),"records[].daysToCover(T), records[].daysToCover(T-1)",market-current.daysToCover.numChange,,*
20260709081,Days to Cover,Days to Cover - % change,"Dashboard - KPI Cards, Dashboard - Trend Overview, Short Interest - Market Snapshot",percentage,C: Backend,-,-,-,data-sync-platform-centralized-v2/current/{ticker}/market-current.json,Internal Calculation,"((days_to_cover(T) - days_to_cover(T-1)) / days_to_cover(T-1)) * 100 
",chartexchange_short_interest_daily.days_to_cover,daysToCover.value; market-history.records[].daysToCover; reports.marketSnapshot.daysToCover,,*
20260709082,Days to Cover,Days to Cover - Risk Factor,"Dashboard - KPI Cards, Dashboard - Trend Overview, Short Interest - Market Snapshot",string,C: Backend,-,-,-,data-sync-platform-centralized-v2/current/{ticker}/market-current.json,Internal Calculation,Threshold label from daysToCover. Current centralized v2 sample returns Moderate for 2.84.,daysToCover.value,daysToCover.riskFactor,,*
20260709083,Available Shares,Available Shares - Chart Exchange,"Dashboard - KPI Cards, Dashboard - Trend Overview, Short Interest - Trend Charts, Lending Pressure - Market Snapshot, Dashboard - Alert Center",number,A: Vendor,Contract Start date,"Daily - 
Next day 1100 HKT",Chart Exchange,data-sync-platform-centralized-v2/current/{ticker}/market-current.json,GET /v1/data/stocks/borrow-fee/ib/,Daily last record ,chartexchange_borrow_fee_ib.available,availableShares.chartExchange; market-history.records[].availableSharesChartExchange,,*
20260709084,Available Shares,Available Shares - IBKR,"Operations - Dashboard Inputs, Dashboard - KPI Cards, Dashboard - Trend Overview, Short Interest - Trend Charts, Lending Pressure - Market Snapshot, Dashboard - Alert Center",number,E: Operation Input,Contract Start date,"Daily - 
Next day 1100 HKT",IBKR,data-sync-platform-centralized-v2/manual-input/manual-availability/{ticker}/{YYYY-MM-DD}/manual-availability.json,UI / Form Entry,Manual User Input for IBKR Pool,availableSharesIbkr,availableShares.ibkr; market-history.records[].availableSharesIbkr,,*
20260709085,Available Shares,Available Shares - FUTU,"Operations - Dashboard Inputs, Dashboard - KPI Cards, Dashboard - Trend Overview, Short Interest - Trend Charts, Lending Pressure - Market Snapshot, Dashboard - Alert Center",number,E: Operation Input,Contract Start date,"Daily - 
Next day 1100 HKT",Futu,data-sync-platform-centralized-v2/manual-input/manual-availability/{ticker}/{YYYY-MM-DD}/manual-availability.json,UI / Form Entry,Manual User Input for Futu Pool,availableSharesFutu,availableShares.futu; market-history.records[].availableSharesFutu,,*
20260709086,Available Shares,Available Shares,"Dashboard - KPI Cards, Dashboard - Trend Overview, Short Interest - Trend Charts, Lending Pressure - Market Snapshot, Dashboard - Alert Center",number,C: Backend,-,-,-,data-sync-platform-centralized-v2/current/{ticker}/market-current.json,Internal Calculation,"MAX(chartExchange, IBKR, FUTU)","availableShares.chartExchange, availableShares.ibkr, availableShares.futu",availableShares.value; market-history.records[].availableShares; reports.marketSnapshot.availableShares,Portal Display Rule: Display and Save the MAX value across all 3 pools.,*
20260709087,Available Shares,Available Shares - Num change,"Dashboard - KPI Cards, Dashboard - Trend Overview, Short Interest - Trend Charts, Lending Pressure - Market Snapshot, Dashboard - Alert Center",number,C: Backend,-,-,-,data-sync-platform-centralized-v2/history/{ticker}/market-history.json,Internal Calculation,availableShares(T) - availableShares(T-1),"records[].availableShares(T), records[].availableShares(T-1)",availableShares.numChange,,*
20260709088,Available Shares,Available Shares - % change,"Dashboard - KPI Cards, Dashboard - Trend Overview, Short Interest - Trend Charts, Lending Pressure - Market Snapshot, Dashboard - Alert Center",percentage,C: Backend,-,-,-,data-sync-platform-centralized-v2/current/{ticker}/market-current.json,Internal Calculation,"MAX(chartExchange, IBKR, FUTU)","availableShares.chartExchange, availableShares.ibkr, availableShares.futu",availableShares.value; market-history.records[].availableShares; reports.marketSnapshot.availableShares,,*
20260709089,Available Shares,Available Shares - Risk Factor,"Dashboard - KPI Cards, Dashboard - Trend Overview, Short Interest - Trend Charts, Lending Pressure - Market Snapshot, Dashboard - Alert Center",string,C: Backend,-,-,-,data-sync-platform-centralized-v2/current/{ticker}/market-current.json,Internal Calculation,Current centralized v2 inherits borrowFee.riskFactor.,borrowFee.riskFactor,availableShares.riskFactor,Same Borrow fee Risk Factor,*
20260709090,Utilization,Utilization %,"Operations - Dashboard Inputs, Dashboard - KPI Cards, Dashboard - Trend Overview, Lending Pressure - Market Snapshot, Dashboard - Alert Center",percentage,E: Operation Input,Contract Start date,"Daily - 
Next day 1100 HKT",-,data-sync-platform-centralized-v2/manual-input/utilization/{ticker}/{YYYY-MM-DD}/utilization.json,UI / Form Entry,Manual User Input for IBKR Utilization,utilizationPercent,market-current.utilization.percent; market-history.records[].utilizationPercent; reports.marketSnapshot.utilizationPercent,Daily manual input override. Stored directly to database; system fetches the latest DB value for Portal display.,*
20260709091,Utilization,Utilization - Num change ,"Dashboard - KPI Cards, Dashboard - Trend Overview, Lending Pressure - Market Snapshot, Dashboard - Alert Center",number,C: Backend,-,-,-,data-sync-platform-centralized-v2/history/{ticker}/market-history.json,Internal Calculation,utilizationPercent(T) - utilizationPercent(T-1),"records[].utilizationPercent(T), records[].utilizationPercent(T-1)",utilization.numChange,,*
20260709092,Utilization,Utilization - % change,"Dashboard - KPI Cards, Dashboard - Trend Overview, Lending Pressure - Market Snapshot, Dashboard - Alert Center",percentage,C: Backend,-,-,-,data-sync-platform-centralized-v2/manual-input/utilization/{ticker}/{YYYY-MM-DD}/utilization.json,Internal Calculation,((Today Record - Yesterday Record) / Yesterday Record) * 100,utilizationPercent,market-current.utilization.percent; market-history.records[].utilizationPercent; reports.marketSnapshot.utilizationPercent,,*
20260709093,Utilization,Utilization - Risk Factor,"Dashboard - KPI Cards, Dashboard - Trend Overview, Lending Pressure - Market Snapshot, Dashboard - Alert Center",string,C: Backend,-,-,-,data-sync-platform-centralized-v2/current/{ticker}/market-current.json,Internal Calculation,Threshold label from utilization percent. Current sample returns Moderate for 85.5.,utilization.percent,utilization.riskFactor,,*
20260709094,Lending Pressure,Lending Pressure - Risk Factor,"Lending Pressure - Score, Lending Pressure - Market Snapshot, Dashboard - Alert Center",string,C: Backend,,,,data-sync-platform-centralized-v2/current/{ticker}/market-current.json,Internal Calculation,Current centralized v2 inherits borrow fee risk factor.,borrowFee.riskFactor,scores.lendingPressureRiskFactor; reports.riskSummary.lendingPressureRisk,Same Borrow fee Risk Factor,*
20260709095,Lending Pressure,Lending Pressure - Analyze Impact on Short Squeeze Risk - Positive Contributors,"Lending Pressure - AI Analysis, Daily Report - PDF Template",text,D: AI Engine / Rule Engine,,,,data-sync-platform-centralized-v2/current/{ticker}/ai-analysis-current.json,,,lendingPressure.positiveContributors[],lendingPressure.positiveContributors[],Missing in current centralized v2 package; expected future AI/rule-engine output.,
20260709096,Lending Pressure,Lending Pressure - Analyze Impact on Short Squeeze Risk - Negative Contributors,"Lending Pressure - AI Analysis, Daily Report - PDF Template",text,D: AI Engine / Rule Engine,,,,data-sync-platform-centralized-v2/current/{ticker}/ai-analysis-current.json,,,lendingPressure.negativeContributors[],lendingPressure.negativeContributors[],Missing in current centralized v2 package; expected future AI/rule-engine output.,
20260709097,Lending Pressure,Lending Pressure - AI Lending Analysis,"Lending Pressure - AI Analysis, Daily Report - PDF Template",text,D: AI Engine / Rule Engine,,,,data-sync-platform-centralized-v2/current/{ticker}/ai-analysis-current.json,,,lendingPressure.analysis,lendingPressure.analysis,Missing in current centralized v2 package; expected future AI/rule-engine output.,
20260709098,Sentiment,Sentiment Score,"Social Sentiment - Overview, Social Sentiment - Platform Breakdown",number,C: Backend,,,,data-sync-platform-centralized-v2/current/{ticker}/sentiment-current.json,,"Average sentiment score where positive/bullish=100, neutral=50, negative/bearish=0.",periods.{range}.distribution positive/neutral/negative counts,periods.{range}.overallSentimentScore,Missing in current centralized v2 package.,
20260709099,Sentiment,Sentiment Discussion Volume,"Social Sentiment - Overview, Social Sentiment - Platform Breakdown",list,C: Backend,,,,data-sync-platform-centralized-v2/current/{ticker}/sentiment-current.json,,Count social records in selected timeframe.,history sentiment-events records filtered by period,periods.{range}.totalMentions,Missing in current centralized v2 package.,
20260709100,Sentiment,Sentiment Positive Post,"Social Sentiment - Sentiment Distribution, Social Sentiment - Platform Breakdown",list,C: Backend,,,,data-sync-platform-centralized-v2/current/{ticker}/sentiment-current.json,,Filter social records where sentiment is positive/bullish,sentiment-events records where sentiment positive/bullish,periods.{range}.distribution.positiveCount,,
20260709101,Sentiment,Sentiment Positive ratio,"Social Sentiment - Sentiment Distribution, Social Sentiment - Platform Breakdown",percentage,C: Backend,,,,data-sync-platform-centralized-v2/current/{ticker}/sentiment-current.json,,positiveCount / totalMentions * 100,"positiveCount,totalMentions",periods.{range}.distribution.positivePercent,,
20260709102,Sentiment,Sentiment Negative Post,"Social Sentiment - Sentiment Distribution, Social Sentiment - Platform Breakdown",list,C: Backend,,,,data-sync-platform-centralized-v2/current/{ticker}/sentiment-current.json,,Filter social records where sentiment is negative/bearish,sentiment-events records where sentiment negative/bearish,periods.{range}.distribution.negativeCount,,
20260709103,Sentiment,Sentiment Negative ratio,"Social Sentiment - Sentiment Distribution, Social Sentiment - Platform Breakdown",percentage,C: Backend,,,,data-sync-platform-centralized-v2/current/{ticker}/sentiment-current.json,,negativeCount / totalMentions * 100,"negativeCount,totalMentions",periods.{range}.distribution.negativePercent,,
20260709104,Sentiment,Sentiment Neutral Post,"Social Sentiment - Sentiment Distribution, Social Sentiment - Platform Breakdown",list,C: Backend,,,,data-sync-platform-centralized-v2/current/{ticker}/sentiment-current.json,,Filter social records where sentiment is neutral,sentiment-events records where sentiment neutral,periods.{range}.distribution.neutralCount,,
20260709105,Sentiment,Sentiment Neutral ratio,"Social Sentiment - Sentiment Distribution, Social Sentiment - Platform Breakdown",percentage,C: Backend,,,,data-sync-platform-centralized-v2/current/{ticker}/sentiment-current.json,,neutralCount / totalMentions * 100,"neutralCount,totalMentions",periods.{range}.distribution.neutralPercent,,
20260709106,Sentiment,Sentiment Platform Breakdown,Social Sentiment - Platform Breakdown,list,C: Backend,,,,data-sync-platform-centralized-v2/current/{ticker}/sentiment-current.json,,"Group by platform; calculate count, sentiment label/score, and platform contribution percent.",sentiment-events records grouped by platform,periods.{range}.platformBreakdown[],,
20260709107,Sentiment,Sentiment Top Platform,Social Sentiment - Platform Breakdown,string,C: Backend,,,,data-sync-platform-centralized-v2/current/{ticker}/sentiment-current.json,,Platform with largest mention count in selected period.,periods.{range}.platformBreakdown[],periods.{range}.topPlatform,,
20260709108,Sentiment,Sentiment Trend,Social Sentiment - Timeline,list,C: Backend,,,,data-sync-platform-centralized-v2/current/{ticker}/sentiment-current.json,,Bucket records by period and platform; calculate average sentiment score per bucket.,sentiment-events records bucketed by date/time and platform,periods.{range}.timeline[],,
20260709109,Sentiment,Reddit - platform,"Social Sentiment - Feed, Social Sentiment - Reddit Feed",text,A: Vendor,Contract Start date,High Frequency (1 second to 1 minute),data-sync-platform-website-data/social-data,data-sync-platform-centralized-v2/history/{ticker}/sentiment-events.json,API webhook to S3 ,,platform,records[].platform,Reddit normalized social record field. Current centralized v2 is missing this output until sentiment-events / Stocktwits manual input is added.,
20260709110,Sentiment,Reddit - query,"Social Sentiment - Feed, Social Sentiment - Reddit Feed",text,A: Vendor,Contract Start date,High Frequency (1 second to 1 minute),data-sync-platform-website-data/social-data,data-sync-platform-centralized-v2/history/{ticker}/sentiment-events.json,API webhook to S3 ,,query,records[].query,Reddit normalized social record field. Current centralized v2 is missing this output until sentiment-events / Stocktwits manual input is added.,
20260709111,Sentiment,Reddit - datetime,"Social Sentiment - Feed, Social Sentiment - Reddit Feed, Social Sentiment - Timeline",date,A: Vendor,Contract Start date,High Frequency (1 second to 1 minute),data-sync-platform-website-data/social-data,data-sync-platform-centralized-v2/history/{ticker}/sentiment-events.json,API webhook to S3 ,,datetime,records[].datetime,Reddit normalized social record field. Current centralized v2 is missing this output until sentiment-events / Stocktwits manual input is added.,
20260709112,Sentiment,Reddit - link,"Social Sentiment - Feed, Social Sentiment - Reddit Feed",text,A: Vendor,Contract Start date,High Frequency (1 second to 1 minute),data-sync-platform-website-data/social-data,data-sync-platform-centralized-v2/history/{ticker}/sentiment-events.json,API webhook to S3 ,,link,records[].link,Reddit normalized social record field. Current centralized v2 is missing this output until sentiment-events / Stocktwits manual input is added.,
20260709113,Sentiment,Reddit - author,"Social Sentiment - Feed, Social Sentiment - Reddit Feed",text,A: Vendor,Contract Start date,High Frequency (1 second to 1 minute),data-sync-platform-website-data/social-data,data-sync-platform-centralized-v2/history/{ticker}/sentiment-events.json,API webhook to S3 ,,author,records[].author,Reddit normalized social record field. Current centralized v2 is missing this output until sentiment-events / Stocktwits manual input is added.,
20260709114,Sentiment,Reddit - content,"Social Sentiment - Feed, Social Sentiment - Reddit Feed",text,A: Vendor,Contract Start date,High Frequency (1 second to 1 minute),data-sync-platform-website-data/social-data,data-sync-platform-centralized-v2/history/{ticker}/sentiment-events.json,API webhook to S3 ,,content,records[].content,Reddit normalized social record field. Current centralized v2 is missing this output until sentiment-events / Stocktwits manual input is added.,
20260709115,Sentiment,Reddit - sentiment,"Social Sentiment - Feed, Social Sentiment - Reddit Feed, Social Sentiment - Timeline",string,A: Vendor,Contract Start date,High Frequency (1 second to 1 minute),data-sync-platform-website-data/social-data,data-sync-platform-centralized-v2/history/{ticker}/sentiment-events.json,API webhook to S3 ,,sentiment,records[].sentiment,Reddit normalized social record field. Current centralized v2 is missing this output until sentiment-events / Stocktwits manual input is added.,
20260709116,Sentiment,Twitter - platform,"Social Sentiment - Feed, Social Sentiment - X Feed",text,A: Vendor,Contract Start date,Low Frequency (10 minutes to 1 hour),data-sync-platform-website-data/social-data,data-sync-platform-centralized-v2/history/{ticker}/sentiment-events.json,API webhook to S3 ,,platform,records[].platform,X normalized social record field. Current centralized v2 is missing this output until sentiment-events / Stocktwits manual input is added.,
20260709117,Sentiment,Twitter - query,"Social Sentiment - Feed, Social Sentiment - X Feed",text,A: Vendor,Contract Start date,Low Frequency (10 minutes to 1 hour),data-sync-platform-website-data/social-data,data-sync-platform-centralized-v2/history/{ticker}/sentiment-events.json,API webhook to S3 ,,query,records[].query,X normalized social record field. Current centralized v2 is missing this output until sentiment-events / Stocktwits manual input is added.,
20260709118,Sentiment,Twitter - datetime,"Social Sentiment - Feed, Social Sentiment - X Feed, Social Sentiment - Timeline",date,A: Vendor,Contract Start date,Low Frequency (10 minutes to 1 hour),data-sync-platform-website-data/social-data,data-sync-platform-centralized-v2/history/{ticker}/sentiment-events.json,API webhook to S3 ,,datetime,records[].datetime,X normalized social record field. Current centralized v2 is missing this output until sentiment-events / Stocktwits manual input is added.,
20260709119,Sentiment,Twitter - link,"Social Sentiment - Feed, Social Sentiment - X Feed",text,A: Vendor,Contract Start date,Low Frequency (10 minutes to 1 hour),data-sync-platform-website-data/social-data,data-sync-platform-centralized-v2/history/{ticker}/sentiment-events.json,API webhook to S3 ,,link,records[].link,X normalized social record field. Current centralized v2 is missing this output until sentiment-events / Stocktwits manual input is added.,
20260709120,Sentiment,Twitter - author,"Social Sentiment - Feed, Social Sentiment - X Feed",text,A: Vendor,Contract Start date,Low Frequency (10 minutes to 1 hour),data-sync-platform-website-data/social-data,data-sync-platform-centralized-v2/history/{ticker}/sentiment-events.json,API webhook to S3 ,Before : = author,author,records[].author,X normalized social record field. Current centralized v2 is missing this output until sentiment-events / Stocktwits manual input is added.,
20260709121,Sentiment,Twitter - author followers,"Social Sentiment - Feed, Social Sentiment - X Feed",number,A: Vendor,Contract Start date,Low Frequency (10 minutes to 1 hour),data-sync-platform-website-data/social-data,data-sync-platform-centralized-v2/history/{ticker}/sentiment-events.json,API webhook to S3 ,After : = author followers,author,records[].author,X normalized social record field. Current centralized v2 is missing this output until sentiment-events / Stocktwits manual input is added.,
20260709122,Sentiment,Twitter - content,"Social Sentiment - Feed, Social Sentiment - X Feed",text,A: Vendor,Contract Start date,Low Frequency (10 minutes to 1 hour),data-sync-platform-website-data/social-data,data-sync-platform-centralized-v2/history/{ticker}/sentiment-events.json,API webhook to S3 ,,content,records[].content,X normalized social record field. Current centralized v2 is missing this output until sentiment-events / Stocktwits manual input is added.,
20260709123,Sentiment,Twitter - sentiment,"Social Sentiment - Feed, Social Sentiment - X Feed, Social Sentiment - Timeline",string,A: Vendor,Contract Start date,Low Frequency (10 minutes to 1 hour),data-sync-platform-website-data/social-data,data-sync-platform-centralized-v2/history/{ticker}/sentiment-events.json,API webhook to S3 ,,sentiment,records[].sentiment,X normalized social record field. Current centralized v2 is missing this output until sentiment-events / Stocktwits manual input is added.,
20260709124,Sentiment,Facebook - platform,"Social Sentiment - Feed, Social Sentiment - Facebook Feed",text,A: Vendor,Contract Start date,Low Frequency (10 minutes to 1 hour),data-sync-platform-website-data/social-data,data-sync-platform-centralized-v2/history/{ticker}/sentiment-events.json,API webhook to S3 ,,platform,records[].platform,Facebook normalized social record field. Current centralized v2 is missing this output until sentiment-events / Stocktwits manual input is added.,
20260709125,Sentiment,Facebook - query,"Social Sentiment - Feed, Social Sentiment - Facebook Feed",text,A: Vendor,Contract Start date,Low Frequency (10 minutes to 1 hour),data-sync-platform-website-data/social-data,data-sync-platform-centralized-v2/history/{ticker}/sentiment-events.json,API webhook to S3 ,,query,records[].query,Facebook normalized social record field. Current centralized v2 is missing this output until sentiment-events / Stocktwits manual input is added.,
20260709126,Sentiment,Facebook - datetime,"Social Sentiment - Feed, Social Sentiment - Facebook Feed, Social Sentiment - Timeline",date,A: Vendor,Contract Start date,Low Frequency (10 minutes to 1 hour),data-sync-platform-website-data/social-data,data-sync-platform-centralized-v2/history/{ticker}/sentiment-events.json,API webhook to S3 ,,datetime,records[].datetime,Facebook normalized social record field. Current centralized v2 is missing this output until sentiment-events / Stocktwits manual input is added.,
20260709127,Sentiment,Facebook - link,"Social Sentiment - Feed, Social Sentiment - Facebook Feed",text,A: Vendor,Contract Start date,Low Frequency (10 minutes to 1 hour),data-sync-platform-website-data/social-data,data-sync-platform-centralized-v2/history/{ticker}/sentiment-events.json,API webhook to S3 ,,link,records[].link,Facebook normalized social record field. Current centralized v2 is missing this output until sentiment-events / Stocktwits manual input is added.,
20260709128,Sentiment,Facebook - author,"Social Sentiment - Feed, Social Sentiment - Facebook Feed",text,A: Vendor,Contract Start date,Low Frequency (10 minutes to 1 hour),data-sync-platform-website-data/social-data,data-sync-platform-centralized-v2/history/{ticker}/sentiment-events.json,API webhook to S3 ,,author,records[].author,Facebook normalized social record field. Current centralized v2 is missing this output until sentiment-events / Stocktwits manual input is added.,
20260709129,Sentiment,Facebook - content,"Social Sentiment - Feed, Social Sentiment - Facebook Feed",text,A: Vendor,Contract Start date,Low Frequency (10 minutes to 1 hour),data-sync-platform-website-data/social-data,data-sync-platform-centralized-v2/history/{ticker}/sentiment-events.json,API webhook to S3 ,,content,records[].content,Facebook normalized social record field. Current centralized v2 is missing this output until sentiment-events / Stocktwits manual input is added.,
20260709130,Sentiment,Facebook - sentiment,"Social Sentiment - Feed, Social Sentiment - Facebook Feed, Social Sentiment - Timeline",string,A: Vendor,Contract Start date,Low Frequency (10 minutes to 1 hour),data-sync-platform-website-data/social-data,data-sync-platform-centralized-v2/history/{ticker}/sentiment-events.json,API webhook to S3 ,,sentiment,records[].sentiment,Facebook normalized social record field. Current centralized v2 is missing this output until sentiment-events / Stocktwits manual input is added.,
20260709131,Sentiment,Linkin - platform,"Social Sentiment - Feed, Social Sentiment - LinkedIn Feed",text,A: Vendor,Contract Start date,Medium Frequency (1 minute to 10 minutes),data-sync-platform-website-data/social-data,data-sync-platform-centralized-v2/history/{ticker}/sentiment-events.json,API webhook to S3 ,,platform,records[].platform,LinkedIn normalized social record field. Current centralized v2 is missing this output until sentiment-events / Stocktwits manual input is added.,
20260709132,Sentiment,Linkin - query,"Social Sentiment - Feed, Social Sentiment - LinkedIn Feed",text,A: Vendor,Contract Start date,Medium Frequency (1 minute to 10 minutes),data-sync-platform-website-data/social-data,data-sync-platform-centralized-v2/history/{ticker}/sentiment-events.json,API webhook to S3 ,,query,records[].query,LinkedIn normalized social record field. Current centralized v2 is missing this output until sentiment-events / Stocktwits manual input is added.,
20260709133,Sentiment,Linkin - datetime,"Social Sentiment - Feed, Social Sentiment - LinkedIn Feed, Social Sentiment - Timeline",date,A: Vendor,Contract Start date,Medium Frequency (1 minute to 10 minutes),data-sync-platform-website-data/social-data,data-sync-platform-centralized-v2/history/{ticker}/sentiment-events.json,API webhook to S3 ,,datetime,records[].datetime,LinkedIn normalized social record field. Current centralized v2 is missing this output until sentiment-events / Stocktwits manual input is added.,
20260709134,Sentiment,Linkin - link,"Social Sentiment - Feed, Social Sentiment - LinkedIn Feed",text,A: Vendor,Contract Start date,Medium Frequency (1 minute to 10 minutes),data-sync-platform-website-data/social-data,data-sync-platform-centralized-v2/history/{ticker}/sentiment-events.json,API webhook to S3 ,,link,records[].link,LinkedIn normalized social record field. Current centralized v2 is missing this output until sentiment-events / Stocktwits manual input is added.,
20260709135,Sentiment,Linkin - author,"Social Sentiment - Feed, Social Sentiment - LinkedIn Feed",text,A: Vendor,Contract Start date,Medium Frequency (1 minute to 10 minutes),data-sync-platform-website-data/social-data,data-sync-platform-centralized-v2/history/{ticker}/sentiment-events.json,API webhook to S3 ,,link,records[].link,LinkedIn normalized social record field. Current centralized v2 is missing this output until sentiment-events / Stocktwits manual input is added.,
20260709136,Sentiment,Linkin - content,"Social Sentiment - Feed, Social Sentiment - LinkedIn Feed",text,A: Vendor,Contract Start date,Medium Frequency (1 minute to 10 minutes),data-sync-platform-website-data/social-data,data-sync-platform-centralized-v2/history/{ticker}/sentiment-events.json,API webhook to S3 ,,link,records[].link,LinkedIn normalized social record field. Current centralized v2 is missing this output until sentiment-events / Stocktwits manual input is added.,
20260709137,Sentiment,Linkin - sentiment,"Social Sentiment - Feed, Social Sentiment - LinkedIn Feed, Social Sentiment - Timeline",string,A: Vendor,Contract Start date,Medium Frequency (1 minute to 10 minutes),data-sync-platform-website-data/social-data,data-sync-platform-centralized-v2/history/{ticker}/sentiment-events.json,API webhook to S3 ,,link,records[].link,LinkedIn normalized social record field. Current centralized v2 is missing this output until sentiment-events / Stocktwits manual input is added.,
20260709138,Sentiment,Stocktwits - messages__id,"Social Sentiment - Feed, Social Sentiment - Stocktwits Feed, Social Sentiment - Timeline, Operations - Narrative Upload",number,E: Operation Input,Contract Start date,"Daily - 
Next day 1100 HKT",Stockrtwits,data-sync-platform-centralized-v2/manual-input/stocktwits-sentiment/{ticker}/{YYYY-MM-DD}/stocktwits-sentiment.json,,,messagesId,records[].messagesId,Stocktwits normalized social record field. Current centralized v2 is missing this output until sentiment-events / Stocktwits manual input is added.,
20260709139,Sentiment,Stocktwits - author,,text,E: Operation Input,Contract Start date,"Daily - 
Next day 1100 HKT",Stockrtwits,data-sync-platform-centralized-v2/manual-input/stocktwits-sentiment/{ticker}/{YYYY-MM-DD}/stocktwits-sentiment.json,,,author,records[].author,Stocktwits normalized social record field. Current centralized v2 is missing this output until sentiment-events / Stocktwits manual input is added.,
20260709140,Sentiment,Stocktwits - datetime,,date,E: Operation Input,Contract Start date,"Daily - 
Next day 1100 HKT",Stockrtwits,data-sync-platform-centralized-v2/manual-input/stocktwits-sentiment/{ticker}/{YYYY-MM-DD}/stocktwits-sentiment.json,,,datetime,records[].datetime,Stocktwits normalized social record field. Current centralized v2 is missing this output until sentiment-events / Stocktwits manual input is added.,
20260709141,Sentiment,Stocktwits - followers,,number,E: Operation Input,Contract Start date,"Daily - 
Next day 1100 HKT",Stockrtwits,data-sync-platform-centralized-v2/manual-input/stocktwits-sentiment/{ticker}/{YYYY-MM-DD}/stocktwits-sentiment.json,,,followers,records[].followers,Stocktwits normalized social record field. Current centralized v2 is missing this output until sentiment-events / Stocktwits manual input is added.,
20260709142,Sentiment,Stocktwits - content,,text,E: Operation Input,Contract Start date,"Daily - 
Next day 1100 HKT",Stockrtwits,data-sync-platform-centralized-v2/manual-input/stocktwits-sentiment/{ticker}/{YYYY-MM-DD}/stocktwits-sentiment.json,,,content,records[].content,Stocktwits normalized social record field. Current centralized v2 is missing this output until sentiment-events / Stocktwits manual input is added.,
20260709143,Sentiment,Stocktwits - link,,text,E: Operation Input,Contract Start date,"Daily - 
Next day 1100 HKT",Stockrtwits,data-sync-platform-centralized-v2/manual-input/stocktwits-sentiment/{ticker}/{YYYY-MM-DD}/stocktwits-sentiment.json,,,link,records[].link,Stocktwits normalized social record field. Current centralized v2 is missing this output until sentiment-events / Stocktwits manual input is added.,
20260709144,Sentiment,Stocktwits - reshares,,number,E: Operation Input,Contract Start date,"Daily - 
Next day 1100 HKT",Stockrtwits,data-sync-platform-centralized-v2/manual-input/stocktwits-sentiment/{ticker}/{YYYY-MM-DD}/stocktwits-sentiment.json,,,reshares,records[].reshares,Stocktwits normalized social record field. Current centralized v2 is missing this output until sentiment-events / Stocktwits manual input is added.,
20260709145,Sentiment,Stocktwits - likes,,number,E: Operation Input,Contract Start date,"Daily - 
Next day 1100 HKT",Stockrtwits,data-sync-platform-centralized-v2/manual-input/stocktwits-sentiment/{ticker}/{YYYY-MM-DD}/stocktwits-sentiment.json,,,likes,records[].likes,Stocktwits normalized social record field. Current centralized v2 is missing this output until sentiment-events / Stocktwits manual input is added.,
20260709146,Sentiment,Stocktwits - sentiment,,string,E: Operation Input,Contract Start date,"Daily - 
Next day 1100 HKT",Stockrtwits,data-sync-platform-centralized-v2/manual-input/stocktwits-sentiment/{ticker}/{YYYY-MM-DD}/stocktwits-sentiment.json,,,sentiment,records[].sentiment,Stocktwits normalized social record field. Current centralized v2 is missing this output until sentiment-events / Stocktwits manual input is added.,
20260709147,SEC Filings,Form type,"SEC Filings - Table, Dashboard - Event Markers, Operations - SEC Filings",text,E: Operation Input,Contract Start date,"Daily - 
Next day 1100 HKT",SEC,data-sync-platform-centralized-v2/manual-input/sec-filings/{ticker}/sec-filings.json,,,records[].formType,sec-filings-history.records[].formType,Input by Internal staff (Check SEC portal),
20260709148,SEC Filings,Form description,"SEC Filings - Table, Dashboard - Event Markers, Operations - SEC Filings",text,E: Operation Input,Contract Start date,"Daily - 
Next day 1100 HKT",SEC,data-sync-platform-centralized-v2/manual-input/sec-filings/{ticker}/sec-filings.json,,,records[].formDescription,sec-filings-history.records[].formDescription,Input by Internal staff (Check SEC portal),
20260709149,SEC Filings,Filing date,"SEC Filings - Table, Dashboard - Event Markers, Operations - SEC Filings",date,E: Operation Input,Contract Start date,"Daily - 
Next day 1100 HKT",SEC,data-sync-platform-centralized-v2/manual-input/sec-filings/{ticker}/sec-filings.json,,,records[].filingDate,sec-filings-history.records[].filingDate,Input by Internal staff (Check SEC portal),
20260709150,SEC Filings,Reporting date,"SEC Filings - Table, Dashboard - Event Markers, Operations - SEC Filings",date,E: Operation Input,Contract Start date,"Daily - 
Next day 1100 HKT",SEC,data-sync-platform-centralized-v2/manual-input/sec-filings/{ticker}/sec-filings.json,,,records[].reportingDate,sec-filings-history.records[].reportingDate,Input by Internal staff (Check SEC portal),
20260709151,SEC Filings,Act,"SEC Filings - Table, Dashboard - Event Markers, Operations - SEC Filings",number,E: Operation Input,Contract Start date,"Daily - 
Next day 1100 HKT",SEC,data-sync-platform-centralized-v2/manual-input/sec-filings/{ticker}/sec-filings.json,,,records[].act,sec-filings-history.records[].act,Input by Internal staff (Check SEC portal),
20260709152,SEC Filings,Film number(s),"SEC Filings - Table, Dashboard - Event Markers, Operations - SEC Filings",number,E: Operation Input,Contract Start date,"Daily - 
Next day 1100 HKT",SEC,data-sync-platform-centralized-v2/manual-input/sec-filings/{ticker}/sec-filings.json,,,records[].filmNumber,sec-filings-history.records[].filmNumber,Input by Internal staff (Check SEC portal),
20260709153,SEC Filings,File number(s),"SEC Filings - Table, Dashboard - Event Markers, Operations - SEC Filings",number,E: Operation Input,Contract Start date,"Daily - 
Next day 1100 HKT",SEC,data-sync-platform-centralized-v2/manual-input/sec-filings/{ticker}/sec-filings.json,,,records[].fileNumber,sec-filings-history.records[].fileNumber,Input by Internal staff (Check SEC portal),
20260709154,SEC Filings,Accession number,"SEC Filings - Table, Dashboard - Event Markers, Operations - SEC Filings",number,E: Operation Input,Contract Start date,"Daily - 
Next day 1100 HKT",SEC,data-sync-platform-centralized-v2/manual-input/sec-filings/{ticker}/sec-filings.json,,,records[].accessionNumber,sec-filings-history.records[].accessionNumber,Input by Internal staff (Check SEC portal),
20260709155,SEC Filings,Filings URL,"SEC Filings - Table, Dashboard - Event Markers, Operations - SEC Filings",text,E: Operation Input,Contract Start date,"Daily - 
Next day 1100 HKT",SEC,data-sync-platform-centralized-v2/manual-input/sec-filings/{ticker}/sec-filings.json,,,records[].filingsUrl,sec-filings-history.records[].filingsUrl,Input by Internal staff (Check SEC portal),
20260709156,,Number of Reports,Report Archive - Today Timeline,number,C: Backend,,,,data-sync-platform-centralized-v2/reports/{ticker}/report-index-current.json,,Count report index entries.,reports[],totalReports,,
20260709157,,Number of Daily Report Windows,Report Archive - Today Timeline,number,C: Backend,,,,data-sync-platform-centralized-v2/reports/{ticker}/report-index-current.json,,Count available report windows per date.,reports grouped by date/window,dailyReportWindows,,
20260709158,,Report Latest Date,Report Archive - Today Timeline,date,C: Backend,,,,data-sync-platform-centralized-v2/reports/{ticker}/report-index-current.json,,Most recent available report date/window in report index.,reports[].date sorted descending,latestReport.date,,
20260709159,,Report History,Report Archive - Today Timeline,list,C: Backend,,,,data-sync-platform-centralized-v2/reports/{ticker}/report-index-current.json,,List report archive entries grouped by date and report window.,reports[],reports[],,
20260709160,,1. Executive Summary,Daily Report - PDF Template,report,D: AI Engine / Rule Engine,,,,data-sync-platform-centralized-v2/reports/{ticker}/{YYYY-MM-DD}/{ticker}_report_data.json; data-sync-platform-centralized-v2/current/{ticker}/ai-analysis-current.json,,,dailyReport.executiveSummary,dailyReport.executiveSummary,AI generated executive summary; current centralized v2 should source this from ai-analysis-current and copy/render it into report JSON.,
20260709161,,2. Company Overview,Daily Report - PDF Template,report,D: AI Engine / Rule Engine,,,,data-sync-platform-centralized-v2/reports/{ticker}/{YYYY-MM-DD}/{ticker}_report_data.json; data-sync-platform-centralized-v2/current/{ticker}/ai-analysis-current.json,,,dailyReport.companyOverview,dailyReport.companyOverview,AI generated company overview.,
20260709162,,3. Share Price Analysis,Daily Report - PDF Template,report,D: AI Engine / Rule Engine,,,,data-sync-platform-centralized-v2/reports/{ticker}/{YYYY-MM-DD}/{ticker}_report_data.json; data-sync-platform-centralized-v2/current/{ticker}/ai-analysis-current.json,,,dailyReport.sharePriceAnalysis,dailyReport.sharePriceAnalysis,"AI/rule-engine generated share price analysis, using market-current.price and market-history.records[].price.",
20260709163,,4. Short Selling Data & Analysis,Daily Report - PDF Template,report,D: AI Engine / Rule Engine,,,,data-sync-platform-centralized-v2/reports/{ticker}/{YYYY-MM-DD}/{ticker}_report_data.json; data-sync-platform-centralized-v2/current/{ticker}/ai-analysis-current.json,,,dailyReport.shortSellingDataAnalysis,dailyReport.shortSellingDataAnalysis,"AI/rule-engine generated short selling analysis from market, short volume, FTD, and lending data.",
20260709164,,4.1 Core Short Metrics,Daily Report - PDF Template,report,D: AI Engine / Rule Engine,,,,data-sync-platform-centralized-v2/reports/{ticker}/{YYYY-MM-DD}/{ticker}_report_data.json; data-sync-platform-centralized-v2/current/{ticker}/ai-analysis-current.json,,,"marketSnapshot.shortInterestShares, marketSnapshot.shortInterestPercent, marketSnapshot.borrowFeePercent, marketSnapshot.availableShares, marketSnapshot.utilizationPercent, marketSnapshot.daysToCover, marketSnapshot.shortScore",marketSnapshot,Report table/section composed from market-current and market-history.,
20260709165,,4.2 Key Short Sellers: Two Sigma & Citadel,Daily Report - PDF Template,report,D: AI Engine / Rule Engine,,,,data-sync-platform-centralized-v2/reports/{ticker}/{YYYY-MM-DD}/{ticker}_report_data.json; data-sync-platform-centralized-v2/current/{ticker}/ai-analysis-current.json,,,ownershipSnapshot / ownership-history records filtered for named institutions,dailyReport.keyShortSellers,Expected report narrative/table. Not currently materialized in centralized v2 sample.,
20260709166,,5. Institutional Ownership Analysis,Daily Report - PDF Template,report,D: AI Engine / Rule Engine,,,,data-sync-platform-centralized-v2/reports/{ticker}/{YYYY-MM-DD}/{ticker}_report_data.json; data-sync-platform-centralized-v2/current/{ticker}/ai-analysis-current.json,,,ownershipSnapshot,ownershipSnapshot; dailyReport.institutionalOwnershipAnalysis,Report section composed from ownership-current and AI analysis.,
20260709167,,5.1 Insider Activity,Daily Report - PDF Template,report,D: AI Engine / Rule Engine,,,,data-sync-platform-centralized-v2/reports/{ticker}/{YYYY-MM-DD}/{ticker}_report_data.json; data-sync-platform-centralized-v2/current/{ticker}/ai-analysis-current.json,,,internal-float-current.suggestedChanges[]; ownership-current.strategicEntities.records[],dailyReport.insiderActivity,Report section should use management/strategic holding suggestions and approved records.,
20260709168,,6. Financial Performance,Daily Report - PDF Template,report,D: AI Engine / Rule Engine,,,,data-sync-platform-centralized-v2/reports/{ticker}/{YYYY-MM-DD}/{ticker}_report_data.json; data-sync-platform-centralized-v2/current/{ticker}/ai-analysis-current.json,,,dailyReport.financialPerformance,dailyReport.financialPerformance,Expected AI/report section. Source data not present in centralized v2 sample.,
20260709169,,7. Fails-to-Deliver (FTD) Analysis,Daily Report - PDF Template,report,D: AI Engine / Rule Engine,,,,data-sync-platform-centralized-v2/history/{ticker}/ftd-history.json,,,chartexchange_failure_to_deliver.shares,records[].shares,,
20260709170,,8. Valuation & Fair Value Assessment,Daily Report - PDF Template,report,D: AI Engine / Rule Engine,,,,data-sync-platform-centralized-v2/reports/{ticker}/{YYYY-MM-DD}/{ticker}_report_data.json; data-sync-platform-centralized-v2/current/{ticker}/ai-analysis-current.json,,,dailyReport.valuationFairValueAssessment,dailyReport.valuationFairValueAssessment,Expected AI/report section. Source data not present in centralized v2 sample.,
20260709171,,8.1 Valuation Methodology,Daily Report - PDF Template,report,D: AI Engine / Rule Engine,,,,data-sync-platform-centralized-v2/reports/{ticker}/{YYYY-MM-DD}/{ticker}_report_data.json; data-sync-platform-centralized-v2/current/{ticker}/ai-analysis-current.json,,,dailyReport.valuationMethodology,dailyReport.valuationMethodology,Expected AI/report section. Source data not present in centralized v2 sample.,
20260709172,,9. Tokenization Strategy Analysis,Daily Report - PDF Template,report,D: AI Engine / Rule Engine,,,,data-sync-platform-centralized-v2/reports/{ticker}/{YYYY-MM-DD}/{ticker}_report_data.json; data-sync-platform-centralized-v2/current/{ticker}/ai-analysis-current.json,,,internal-float-current.tokenizedShares,dailyReport.tokenizationStrategyAnalysis,Report section should use tokenizedShares records and AI analysis.,
20260709173,,9.1 How Tokenization Neutralizes Short Sellers,Daily Report - PDF Template,report,D: AI Engine / Rule Engine,,,,data-sync-platform-centralized-v2/reports/{ticker}/{YYYY-MM-DD}/{ticker}_report_data.json; data-sync-platform-centralized-v2/current/{ticker}/ai-analysis-current.json,,,internal-float-current.tokenizedShares; market-current.shortInterest; market-current.borrowFee,dailyReport.tokenizationShortSellerImpact,Expected AI/report section.,
20260709174,,9.2 CURRENC Capital Precedent,Daily Report - PDF Template,report,D: AI Engine / Rule Engine,,,,data-sync-platform-centralized-v2/reports/{ticker}/{YYYY-MM-DD}/{ticker}_report_data.json; data-sync-platform-centralized-v2/current/{ticker}/ai-analysis-current.json,,,dailyReport.currencCapitalPrecedent,dailyReport.currencCapitalPrecedent,Expected AI/report section. Source data not present in centralized v2 sample.,
20260709175,,10. Risk Factors,Daily Report - PDF Template,report,D: AI Engine / Rule Engine,,,,data-sync-platform-centralized-v2/reports/{ticker}/{YYYY-MM-DD}/{ticker}_report_data.json; data-sync-platform-centralized-v2/current/{ticker}/ai-analysis-current.json,,,riskSummary,riskSummary; dailyReport.riskFactors,Report section composed from riskSummary and AI analysis.,
20260709176,,10.1 Short-Selling Risks,Daily Report - PDF Template,report,D: AI Engine / Rule Engine,,,,data-sync-platform-centralized-v2/reports/{ticker}/{YYYY-MM-DD}/{ticker}_report_data.json; data-sync-platform-centralized-v2/current/{ticker}/ai-analysis-current.json,,,"riskSummary.shortInterestRisk, riskSummary.borrowFeeRisk, riskSummary.lendingPressureRisk",dailyReport.shortSellingRisks,Expected AI/report subsection.,
20260709177,,10.2 Business Risks,Daily Report - PDF Template,report,D: AI Engine / Rule Engine,,,,data-sync-platform-centralized-v2/reports/{ticker}/{YYYY-MM-DD}/{ticker}_report_data.json; data-sync-platform-centralized-v2/current/{ticker}/ai-analysis-current.json,,,dailyReport.businessRisks,dailyReport.businessRisks,Expected AI/report subsection. Source data not present in centralized v2 sample.,
20260709178,,10.3 Mitigating Factors,Daily Report - PDF Template,report,D: AI Engine / Rule Engine,,,,data-sync-platform-centralized-v2/reports/{ticker}/{YYYY-MM-DD}/{ticker}_report_data.json; data-sync-platform-centralized-v2/current/{ticker}/ai-analysis-current.json,,,dailyReport.mitigatingFactors,dailyReport.mitigatingFactors,Expected AI/report subsection.,
20260709179,,11. Conclusion & Recommendations,Daily Report - PDF Template,report,D: AI Engine / Rule Engine,,,,data-sync-platform-centralized-v2/reports/{ticker}/{YYYY-MM-DD}/{ticker}_report_data.json; data-sync-platform-centralized-v2/current/{ticker}/ai-analysis-current.json,,,dailyReport.conclusionRecommendations,dailyReport.conclusionRecommendations,Expected AI/report conclusion section.,
20260709180,Short Volume,Date,"Dashboard - Trend Overview, Short Interest - Short Volume Analysis",date,A: Vendor,(2017-),Daily - Next day 1200 HKT (TBC),Chart Exchange,chartexchange_short_volume_{ticker}-{YYYY-MM-DD}.json,GET /v1/data/stocks/short-volume/,Direct Mapping,date,sv_date,"https://chartexchange.com/api/v1/data/stocks/short-volume/?symbol=US%3ACURR&mode=V&ordering=-date&format=csv&api_key=

Date = date",*
20260709181,Short Volume,Total Volume Reported,"Dashboard - Trend Overview, Short Interest - Short Volume Analysis",number,A: Vendor,(2017-),Daily - Next day 1200 HKT (TBC),Chart Exchange,chartexchange_short_volume_{ticker}-{YYYY-MM-DD}.json,GET /v1/data/stocks/short-volume/,Direct Mapping,rt,sv_total_volume_reported,"https://chartexchange.com/api/v1/data/stocks/short-volume/?symbol=US%3ACURR&mode=V&ordering=-date&format=csv&api_key=

Total Volume Reported = rt",*
20260709182,Short Volume,Total Short Volume Reported,"Dashboard - Trend Overview, Short Interest - Short Volume Analysis",number,A: Vendor,(2017-),Daily - Next day 1200 HKT (TBC),Chart Exchange,data-sync-platform-centralized-v2/history/{ticker}/short-volume-history.json,GET /v1/data/stocks/short-volume/,Direct Mapping,chartexchange_short_volume.totalShortVolumeReported,records[].totalShortVolumeReported,"https://chartexchange.com/api/v1/data/stocks/short-volume/?symbol=US%3ACURR&mode=V&ordering=-date&format=csv&api_key=

Total Short Volume Reported = st",*
20260709183,Short Volume,Total Long Volume Reported,"Dashboard - Trend Overview, Short Interest - Short Volume Analysis",number,A: Vendor,(2017-),Daily - Next day 1200 HKT (TBC),Chart Exchange,chartexchange_short_volume_{ticker}-{YYYY-MM-DD}.json,GET /v1/data/stocks/short-volume/,Direct Mapping,lt,sv_total_long_volume_reported,"https://chartexchange.com/api/v1/data/stocks/short-volume/?symbol=US%3ACURR&mode=V&ordering=-date&format=csv&api_key=

Total Long Volume Reported = lt",*
20260709184,Short Volume,Off Exchang Non-Exempt,Short Interest - Short Volume Analysis,number,A: Vendor,(2017-),Daily - Next day 1200 HKT (TBC),Chart Exchange,chartexchange_short_volume_{ticker}-{YYYY-MM-DD}.json,GET /v1/data/stocks/short-volume/,Direct Mapping,fs,sv_off_exchang_non_exempt,"https://chartexchange.com/api/v1/data/stocks/short-volume/?symbol=US%3ACURR&mode=V&ordering=-date&format=csv&api_key=

Off Exchang Non-Exempt = fs",*
20260709185,Short Volume,Off Exchange Exempt,Short Interest - Short Volume Analysis,number,A: Vendor,(2017-),Daily - Next day 1200 HKT (TBC),Chart Exchange,chartexchange_short_volume_{ticker}-{YYYY-MM-DD}.json,GET /v1/data/stocks/short-volume/,Direct Mapping,fse,sv_off_exchange_exempt,"https://chartexchange.com/api/v1/data/stocks/short-volume/?symbol=US%3ACURR&mode=V&ordering=-date&format=csv&api_key=

Off Exchange Exempt = fse",*
20260709186,Short Volume,Nasdaq BX,Short Interest - Short Volume Analysis,number,A: Vendor,(2017-),Daily - Next day 1200 HKT (TBC),Chart Exchange,chartexchange_short_volume_{ticker}-{YYYY-MM-DD}.json,GET /v1/data/stocks/short-volume/,Direct Mapping,xnas,sv_nasdaq_bx,"https://chartexchange.com/api/v1/data/stocks/short-volume/?symbol=US%3ACURR&mode=V&ordering=-date&format=csv&api_key=

Nasdaq BX = xnas",*
20260709187,Short Volume,Nasdaq PHLX,Short Interest - Short Volume Analysis,number,A: Vendor,(2017-),Daily - Next day 1200 HKT (TBC),Chart Exchange,chartexchange_short_volume_{ticker}-{YYYY-MM-DD}.json,GET /v1/data/stocks/short-volume/,Direct Mapping,xphl,sv_nasdaq_phlx,"https://chartexchange.com/api/v1/data/stocks/short-volume/?symbol=US%3ACURR&mode=V&ordering=-date&format=csv&api_key=

Nasdaq PHLX = xphl",*
20260709188,Short Volume,NYSE,Short Interest - Short Volume Analysis,number,A: Vendor,(2017-),Daily - Next day 1200 HKT (TBC),Chart Exchange,chartexchange_short_volume_{ticker}-{YYYY-MM-DD}.json,GET /v1/data/stocks/short-volume/,Direct Mapping,xnys,sv_nyse,"https://chartexchange.com/api/v1/data/stocks/short-volume/?symbol=US%3ACURR&mode=V&ordering=-date&format=csv&api_key=

NYSE = xnys",*
20260709189,Short Volume,NYSE Arca,Short Interest - Short Volume Analysis,number,A: Vendor,(2017-),Daily - Next day 1200 HKT (TBC),Chart Exchange,chartexchange_short_volume_{ticker}-{YYYY-MM-DD}.json,GET /v1/data/stocks/short-volume/,Direct Mapping,arcx,sv_nyse_arca,"https://chartexchange.com/api/v1/data/stocks/short-volume/?symbol=US%3ACURR&mode=V&ordering=-date&format=csv&api_key=

NYSE Arca = arcx",*
20260709190,Short Volume,NYSE National,Short Interest - Short Volume Analysis,number,A: Vendor,(2017-),Daily - Next day 1200 HKT (TBC),Chart Exchange,chartexchange_short_volume_{ticker}-{YYYY-MM-DD}.json,GET /v1/data/stocks/short-volume/,Direct Mapping,xcis,sv_nyse_national,"https://chartexchange.com/api/v1/data/stocks/short-volume/?symbol=US%3ACURR&mode=V&ordering=-date&format=csv&api_key=

NYSE National = xcis",*
20260709191,Short Volume,NYSE American,Short Interest - Short Volume Analysis,number,A: Vendor,(2017-),Daily - Next day 1200 HKT (TBC),Chart Exchange,chartexchange_short_volume_{ticker}-{YYYY-MM-DD}.json,GET /v1/data/stocks/short-volume/,Direct Mapping,xase,sv_nyse_american,"https://chartexchange.com/api/v1/data/stocks/short-volume/?symbol=US%3ACURR&mode=V&ordering=-date&format=csv&api_key=

NYSE American = xase",*
20260709192,Short Volume,CHX,Short Interest - Short Volume Analysis,number,A: Vendor,(2017-),Daily - Next day 1200 HKT (TBC),Chart Exchange,chartexchange_short_volume_{ticker}-{YYYY-MM-DD}.json,GET /v1/data/stocks/short-volume/,Direct Mapping,xchi,sv_chx,"https://chartexchange.com/api/v1/data/stocks/short-volume/?symbol=US%3ACURR&mode=V&ordering=-date&format=csv&api_key=

CHX = xchi",*
20260709193,Short Volume,Cboe EDGX,Short Interest - Short Volume Analysis,number,A: Vendor,(2017-),Daily - Next day 1200 HKT (TBC),Chart Exchange,chartexchange_short_volume_{ticker}-{YYYY-MM-DD}.json,GET /v1/data/stocks/short-volume/,Direct Mapping,edgx,sv_cboe_edgx,"https://chartexchange.com/api/v1/data/stocks/short-volume/?symbol=US%3ACURR&mode=V&ordering=-date&format=csv&api_key=

Cboe EDGX = edgx",*
20260709194,Short Volume,Cboe BZX,Short Interest - Short Volume Analysis,number,A: Vendor,(2017-),Daily - Next day 1200 HKT (TBC),Chart Exchange,chartexchange_short_volume_{ticker}-{YYYY-MM-DD}.json,GET /v1/data/stocks/short-volume/,Direct Mapping,bats,sv_cboe_bzx,"https://chartexchange.com/api/v1/data/stocks/short-volume/?symbol=US%3ACURR&mode=V&ordering=-date&format=csv&api_key=

Cboe BZX = bats",*
20260709195,Short Volume,Cboe EDGA,Short Interest - Short Volume Analysis,number,A: Vendor,(2017-),Daily - Next day 1200 HKT (TBC),Chart Exchange,chartexchange_short_volume_{ticker}-{YYYY-MM-DD}.json,GET /v1/data/stocks/short-volume/,Direct Mapping,edga,sv_cboe_edga,"https://chartexchange.com/api/v1/data/stocks/short-volume/?symbol=US%3ACURR&mode=V&ordering=-date&format=csv&api_key=

Cboe EDGA = edga",*
20260709196,Short Volume,Cboe BYX,Short Interest - Short Volume Analysis,number,A: Vendor,(2017-),Daily - Next day 1200 HKT (TBC),Chart Exchange,chartexchange_short_volume_{ticker}-{YYYY-MM-DD}.json,GET /v1/data/stocks/short-volume/,Direct Mapping,baty,sv_cboe_byx,"https://chartexchange.com/api/v1/data/stocks/short-volume/?symbol=US%3ACURR&mode=V&ordering=-date&format=csv&api_key=

Cboe BYX = baty",*
20260709197,Fails to Deliver,Settlement Date (T+B),Short Interest - Short Volume Analysis,date,A: Vendor, (2004-),Daily - Next day 1200 HKT (TBC),Chart Exchange,chartexchange_failure_to_deliver_{ticker}-{YYYY-MM-DD}.json,GET /v1/data/stocks/failure-to-deliver/,Direct Mapping,date,ftd_settlement_date_(t+b),"https://chartexchange.com/api/v1/data/stocks/failure-to-deliver/?symbol=US%EF%BC%9ACURR&api_key=

Settlement Date (T+B) = date",*
20260709198,Fails to Deliver,Fails-to-Deliver,Short Interest - Short Volume Analysis,number,A: Vendor, (2004-),Daily - Next day 1200 HKT (TBC),Chart Exchange,data-sync-platform-centralized-v2/history/{ticker}/ftd-history.json,GET /v1/data/stocks/failure-to-deliver/,Direct Mapping,chartexchange_failure_to_deliver.shares,records[].shares,"https://chartexchange.com/api/v1/data/stocks/failure-to-deliver/?symbol=US%EF%BC%9ACURR&api_key=

Fails-to-Deliver = fails",*
20260709199,Fails to Deliver,Price,Short Interest - FTD Analysis,number,A: Vendor, (2004-),Daily - Next day 1200 HKT (TBC),Chart Exchange,chartexchange_failure_to_deliver_{ticker}-{YYYY-MM-DD}.json,GET /v1/data/stocks/failure-to-deliver/,Direct Mapping,price,ftd_price,"https://chartexchange.com/api/v1/data/stocks/failure-to-deliver/?symbol=US%EF%BC%9ACURR&api_key=

Price = price",*
20260709200,Fails to Deliver,Trade Date (T),"Dashboard - Alert Center, Short Interest - FTD Analysis",date,A: Vendor, (2004-),Daily - Next day 1200 HKT (TBC),Chart Exchange,chartexchange_failure_to_deliver_{ticker}-{YYYY-MM-DD}.json,GET /v1/data/stocks/failure-to-deliver/,Direct Mapping,t,ftd_trade_date_(t),"https://chartexchange.com/api/v1/data/stocks/failure-to-deliver/?symbol=US%EF%BC%9ACURR&api_key=

Trade Date (T) = t",*
20260709201,Fails to Deliver,Closing Deadline (T+35C),"Dashboard - Alert Center, Short Interest - FTD Analysis",date,A: Vendor, (2004-),Daily - Next day 1200 HKT (TBC),Chart Exchange,chartexchange_failure_to_deliver_{ticker}-{YYYY-MM-DD}.json,GET /v1/data/stocks/failure-to-deliver/,Direct Mapping,t_35,ftd_closing_deadline_t_35,"https://chartexchange.com/api/v1/data/stocks/failure-to-deliver/?symbol=US%EF%BC%9ACURR&api_key=

Closing Deadline (T+35C) = t_35",*
20260709202,Fails to Deliver,$ Notional,Short Interest - FTD Analysis,number,A: Vendor, (2004-),Daily - Next day 1200 HKT (TBC),Chart Exchange,chartexchange_failure_to_deliver_{ticker}-{YYYY-MM-DD}.json,GET /v1/data/stocks/failure-to-deliver/,Direct Mapping,noti,ftd_notional,"https://chartexchange.com/api/v1/data/stocks/failure-to-deliver/?symbol=US%EF%BC%9ACURR&api_key=

$ Notional = noti",*
20260709203,Fails to Deliver,FTD Change,Short Interest - FTD Analysis,number,A: Vendor, (2004-),Daily - Next day 1200 HKT (TBC),Chart Exchange,data-sync-platform-centralized-v2/history/{ticker}/ftd-history.json,GET /v1/data/stocks/failure-to-deliver/,Direct Mapping,chartexchange_failure_to_deliver.change,records[].change,"https://chartexchange.com/api/v1/data/stocks/failure-to-deliver/?symbol=US%EF%BC%9ACURR&api_key=

FTD Change = change",*
20260709204,Margin,Initial Margin - IBKR,"Dashboard - Alert Center, Short Interest - FTD Analysis",number,E: Operation Input,Contract Start date,Daily - Next day 1100 HKT,IBKR,data-sync-platform-centralized-v2/manual-input/margins/{ticker}/{YYYY-MM-DD}/margins.json,UI / Form Entry,Manual User Input for IBKR Pool (Stored in DB).,initialMarginIbkr,margins.initialMarginIbkr; market-history.records[].initialMarginIbkr,Daily manual input for IBKR.,*
20260709205,Margin,Initial Margin - FUTU,Short Interest - FTD Analysis,number,E: Operation Input,Contract Start date,Daily - Next day 1100 HKT,FUTU,data-sync-platform-centralized-v2/manual-input/margins/{ticker}/{YYYY-MM-DD}/margins.json,UI / Form Entry,Manual User Input for FUTU Pool (Stored in DB).,initialMarginFutu,margins.initialMarginFutu; market-history.records[].initialMarginFutu,Daily manual input for FUTU.,*
20260709206,Margin,Initial Margin,Operations - Dashboard Inputs,number,C: Backend,-,-,TBA,data-sync-platform-centralized-v2/current/{ticker}/market-current.json,Internal Calculation,"MAX(initialMarginIbkr, initialMarginFutu)","margins.initialMarginIbkr, margins.initialMarginFutu",margins.initialMargin; market-history.records[].initialMargin,Portal Display Rule: Display and Save the MAX value across all user-entered margin pools.,
20260709207,Margin,Maintenance Margin - IBKR,Operations - Dashboard Inputs,number,E: Operation Input,Contract Start date,Daily - Next day 1100 HKT,IBKR,data-sync-platform-centralized-v2/manual-input/margins/{ticker}/{YYYY-MM-DD}/margins.json,UI / Form Entry,Manual User Input for IBKR Pool (Stored in DB).,maintenanceMarginIbkr,margins.maintenanceMarginIbkr; market-history.records[].maintenanceMarginIbkr,Daily manual input for IBKR.,*
20260709208,Margin,Maintenance Margin - FUTU,Dashboard - KPI Cards,number,E: Operation Input,Contract Start date,Daily - Next day 1100 HKT,FUTU,data-sync-platform-centralized-v2/manual-input/margins/{ticker}/{YYYY-MM-DD}/margins.json,UI / Form Entry,Manual User Input for FUTU Pool (Stored in DB).,maintenanceMarginFutu,margins.maintenanceMarginFutu; market-history.records[].maintenanceMarginFutu,Daily manual input for FUTU.,*
20260709209,Margin,Maintenance Margin,Operations - Dashboard Inputs,number,C: Backend,-,-,TBA,data-sync-platform-centralized-v2/current/{ticker}/market-current.json,Internal Calculation,"MAX(maintenanceMarginIbkr, maintenanceMarginFutu)","margins.maintenanceMarginIbkr, margins.maintenanceMarginFutu",margins.maintenanceMargin; market-history.records[].maintenanceMargin,Portal Display Rule: Display and Save the MAX value across all user-entered margin pools.,
20260709210,Margin,Average Duration (D),Operations - Dashboard Inputs,number,E: Operation Input,Contract Start date,Daily - Next day 1100 HKT,IBKR,data-sync-platform-centralized-v2/manual-input/margins/{ticker}/{YYYY-MM-DD}/margins.json,UI / Form Entry,Manual User Input for IBKR Pool (Stored in DB).,averageDurationDays,margins.averageDurationDays; market-history.records[].averageDurationDays,Daily manual input for IBKR.,*
20260709211,Stock price,symbol,Dashboard - KPI Cards,string,A: Vendor,Contract Start date,Daily - Next day 0600 HKT,Chart Exchange,data-sync-platform-centralized-v2/current/{ticker}/market-current.json,GET/v1/feed/stocks/quote/,,symbol,ticker,Stock price metadata expected from future vendor price source; not fully populated in current centralized v2 sample.,
20260709212,Stock price,name,,string,A: Vendor,Contract Start date,Daily - Next day 0600 HKT,Chart Exchange,data-sync-platform-centralized-v2/current/{ticker}/market-current.json,GET/v1/feed/stocks/quote/,,name,companyName,Stock price metadata expected from future vendor price source; not fully populated in current centralized v2 sample.,
20260709213,Stock price,daytime,,datetime,A: Vendor,Contract Start date,Daily - Next day 0600 HKT,Chart Exchange,data-sync-platform-centralized-v2/current/{ticker}/market-current.json,GET/v1/feed/stocks/quote/,,as_of,price.asOf,Stock price metadata expected from future vendor price source; not fully populated in current centralized v2 sample.,
20260709214,Stock price,price,,number,A: Vendor,Contract Start date,Daily - Next day 0600 HKT,Chart Exchange,data-sync-platform-centralized-v2/current/{ticker}/market-current.json,GET/v1/feed/stocks/quote/,,price,price.value,Current centralized v2 price object exists but price.value is null; backend must add/confirm stock price source.,
20260709215,Stock price,exhange,,string,A: Vendor,Contract Start date,Daily - Next day 0600 HKT,Chart Exchange,data-sync-platform-centralized-v2/current/{ticker}/market-current.json,GET/v1/feed/stocks/quote/,,exchange,price.exchange,Stock price metadata expected from future vendor price source; not fully populated in current centralized v2 sample.,
