page_route,page_name,page_purpose,section_or_widget,source_file,source_provider,update_cadence,json_key_path,display_label,data_type,sample_data,formula_or_transform,description,team_notes
/monitor/[ticker]/lending-pressure,Lending Pressure,"Borrow fee, share availability, utilization, and on-loan lending pressure page.",short,import_data/short/borrow_fee.json,Ortex,scheduled import,ticker,Ticker,string,CURR,Direct value from normalized JSON envelope,Stock ticker symbol for the issuer workspace.,Keep this key stable when updating Google Drive JSON. Add new keys as new columns/rows when provider coverage expands.
/monitor/[ticker]/lending-pressure,Lending Pressure,"Borrow fee, share availability, utilization, and on-loan lending pressure page.",short,import_data/short/borrow_fee.json,Ortex,scheduled import,asOfDate,As Of Date,string,2026-05-26,Direct value from normalized JSON envelope,Business date represented by the imported data.,Keep this key stable when updating Google Drive JSON. Add new keys as new columns/rows when provider coverage expands.
/monitor/[ticker]/lending-pressure,Lending Pressure,"Borrow fee, share availability, utilization, and on-loan lending pressure page.",short,import_data/short/borrow_fee.json,Ortex,scheduled import,importedAt,Imported At,string,2026-05-26T11:26:45.496Z,Direct value from normalized JSON envelope,Timestamp when the file was copied or normalized into import_data.,Keep this key stable when updating Google Drive JSON. Add new keys as new columns/rows when provider coverage expands.
/monitor/[ticker]/lending-pressure,Lending Pressure,"Borrow fee, share availability, utilization, and on-loan lending pressure page.",short,import_data/short/borrow_fee.json,Ortex,scheduled import,source,Source,string,Sample Data normalized,Direct value from normalized JSON envelope,Human-readable source note for this normalized file.,Keep this key stable when updating Google Drive JSON. Add new keys as new columns/rows when provider coverage expands.
/monitor/[ticker]/lending-pressure,Lending Pressure,"Borrow fee, share availability, utilization, and on-loan lending pressure page.",short,import_data/short/borrow_fee.json,Ortex,scheduled import,sourcePlatform,Source Platform,string,Ortex,Direct value from normalized JSON envelope,Expected data provider or platform.,Keep this key stable when updating Google Drive JSON. Add new keys as new columns/rows when provider coverage expands.
/monitor/[ticker]/lending-pressure,Lending Pressure,"Borrow fee, share availability, utilization, and on-loan lending pressure page.",short,import_data/short/borrow_fee.json,Ortex,scheduled import,recordType,Record Type,string,borrowFee,Direct value from normalized JSON envelope,Semantic type of the JSON file.,Keep this key stable when updating Google Drive JSON. Add new keys as new columns/rows when provider coverage expands.
/monitor/[ticker]/lending-pressure,Lending Pressure,"Borrow fee, share availability, utilization, and on-loan lending pressure page.",short,import_data/short/borrow_fee.json,Ortex,scheduled import,category,Category,string,short,Direct value from normalized JSON envelope,Category used by short/borrow_fee views.,Keep this key stable when updating Google Drive JSON. Add new keys as new columns/rows when provider coverage expands.
/monitor/[ticker]/lending-pressure,Lending Pressure,"Borrow fee, share availability, utilization, and on-loan lending pressure page.",short,import_data/short/borrow_fee.json,Ortex,scheduled import,recordCount,Record Count,number,1,Number of records in the envelope data payload,Number of top-level records in the data payload.,Keep this key stable when updating Google Drive JSON. Add new keys as new columns/rows when provider coverage expands.
/monitor/[ticker]/lending-pressure,Lending Pressure,"Borrow fee, share availability, utilization, and on-loan lending pressure page.",short,import_data/short/borrow_fee.json,Ortex,scheduled import,status,Status,string,ready,Direct value from normalized JSON envelope,Status used by short/borrow_fee views.,Keep this key stable when updating Google Drive JSON. Add new keys as new columns/rows when provider coverage expands.
/monitor/[ticker]/lending-pressure,Lending Pressure,"Borrow fee, share availability, utilization, and on-loan lending pressure page.",short,import_data/short/borrow_fee.json,Ortex,scheduled import,notes,Notes,null,,Direct value from normalized JSON envelope,Notes used by short/borrow_fee views.,Keep this key stable when updating Google Drive JSON. Add new keys as new columns/rows when provider coverage expands.
/monitor/[ticker]/lending-pressure,Lending Pressure,"Borrow fee, share availability, utilization, and on-loan lending pressure page.",short,import_data/short/borrow_fee.json,Ortex,scheduled import,originalFiles,Original Files,array,2 records,Direct value from normalized JSON envelope,Original Files used by short/borrow_fee views.,Keep this key stable when updating Google Drive JSON. Add new keys as new columns/rows when provider coverage expands.
/monitor/[ticker]/lending-pressure,Lending Pressure,"Borrow fee, share availability, utilization, and on-loan lending pressure page.",short,import_data/short/borrow_fee.json,Ortex,scheduled import,originalFiles[],Original Files,string,Sample Data/Ortex/ctb_new.json,Direct value from normalized JSON envelope,Original Files used by short/borrow_fee views.,Keep this key stable when updating Google Drive JSON. Add new keys as new columns/rows when provider coverage expands.
/monitor/[ticker]/lending-pressure,Lending Pressure,"Borrow fee, share availability, utilization, and on-loan lending pressure page.",short,import_data/short/borrow_fee.json,Ortex,scheduled import,data,Data,object,"{""all"":[{""date"":""2026-04-28"",""costToBorrowAll"":30.76},{""date"":""2026-04-29"",""costToBorrowAll"":30.78}],""new"":[{""date"":""2026-04-28"",""costToBorrowNew"":28.67}],""c...",Direct value from normalized JSON envelope,Data used by short/borrow_fee views.,Keep this key stable when updating Google Drive JSON. Add new keys as new columns/rows when provider coverage expands.
/monitor/[ticker]/lending-pressure,Lending Pressure,"Borrow fee, share availability, utilization, and on-loan lending pressure page.",short,import_data/short/borrow_fee.json,Ortex,scheduled import,data.all,All,array,2 records,Direct value from normalized JSON envelope,All used by short/borrow_fee views.,Keep this key stable when updating Google Drive JSON. Add new keys as new columns/rows when provider coverage expands.
/monitor/[ticker]/lending-pressure,Lending Pressure,"Borrow fee, share availability, utilization, and on-loan lending pressure page.",short,import_data/short/borrow_fee.json,Ortex,scheduled import,data.all[],All,object,"{""date"":""2026-04-29"",""costToBorrowAll"":30.78}",Direct value from normalized JSON envelope,All used by short/borrow_fee views.,Keep this key stable when updating Google Drive JSON. Add new keys as new columns/rows when provider coverage expands.
/monitor/[ticker]/lending-pressure,Lending Pressure,"Borrow fee, share availability, utilization, and on-loan lending pressure page.",short,import_data/short/borrow_fee.json,Ortex,scheduled import,data.all[].date,Date,string,2026-04-29,Direct value from normalized JSON envelope,Date used by short/borrow_fee views.,Keep this key stable when updating Google Drive JSON. Add new keys as new columns/rows when provider coverage expands.
/monitor/[ticker]/lending-pressure,Lending Pressure,"Borrow fee, share availability, utilization, and on-loan lending pressure page.",short,import_data/short/borrow_fee.json,Ortex,scheduled import,data.all[].costToBorrowAll,Cost To Borrow All,number,30.78,Direct value from normalized JSON envelope,Average cost to borrow across lending data.,Keep this key stable when updating Google Drive JSON. Add new keys as new columns/rows when provider coverage expands.
/monitor/[ticker]/lending-pressure,Lending Pressure,"Borrow fee, share availability, utilization, and on-loan lending pressure page.",short,import_data/short/borrow_fee.json,Ortex,scheduled import,data.new,New,array,1 records,Direct value from normalized JSON envelope,New used by short/borrow_fee views.,Keep this key stable when updating Google Drive JSON. Add new keys as new columns/rows when provider coverage expands.
/monitor/[ticker]/lending-pressure,Lending Pressure,"Borrow fee, share availability, utilization, and on-loan lending pressure page.",short,import_data/short/borrow_fee.json,Ortex,scheduled import,data.new[],New,object,"{""date"":""2026-04-28"",""costToBorrowNew"":28.67}",Direct value from normalized JSON envelope,New used by short/borrow_fee views.,Keep this key stable when updating Google Drive JSON. Add new keys as new columns/rows when provider coverage expands.
/monitor/[ticker]/lending-pressure,Lending Pressure,"Borrow fee, share availability, utilization, and on-loan lending pressure page.",short,import_data/short/borrow_fee.json,Ortex,scheduled import,data.new[].date,Date,string,2026-04-28,Direct value from normalized JSON envelope,Date used by short/borrow_fee views.,Keep this key stable when updating Google Drive JSON. Add new keys as new columns/rows when provider coverage expands.
/monitor/[ticker]/lending-pressure,Lending Pressure,"Borrow fee, share availability, utilization, and on-loan lending pressure page.",short,import_data/short/borrow_fee.json,Ortex,scheduled import,data.new[].costToBorrowNew,Cost To Borrow New,number,28.67,Direct value from normalized JSON envelope,Cost To Borrow New used by short/borrow_fee views.,Keep this key stable when updating Google Drive JSON. Add new keys as new columns/rows when provider coverage expands.
/monitor/[ticker]/lending-pressure,Lending Pressure,"Borrow fee, share availability, utilization, and on-loan lending pressure page.",short,import_data/short/borrow_fee.json,Ortex,scheduled import,data.current,Current,object,"{""date"":""2026-04-29"",""costToBorrowAll"":30.78}",Direct value from normalized JSON envelope,Current used by short/borrow_fee views.,Keep this key stable when updating Google Drive JSON. Add new keys as new columns/rows when provider coverage expands.
/monitor/[ticker]/lending-pressure,Lending Pressure,"Borrow fee, share availability, utilization, and on-loan lending pressure page.",short,import_data/short/borrow_fee.json,Ortex,scheduled import,data.current.date,Date,string,2026-04-29,Direct value from normalized JSON envelope,Date used by short/borrow_fee views.,Keep this key stable when updating Google Drive JSON. Add new keys as new columns/rows when provider coverage expands.
/monitor/[ticker]/lending-pressure,Lending Pressure,"Borrow fee, share availability, utilization, and on-loan lending pressure page.",short,import_data/short/borrow_fee.json,Ortex,scheduled import,data.current.costToBorrowAll,Cost To Borrow All,number,30.78,Direct value from normalized JSON envelope,Average cost to borrow across lending data.,Keep this key stable when updating Google Drive JSON. Add new keys as new columns/rows when provider coverage expands.
/monitor/[ticker]/lending-pressure,Lending Pressure,"Borrow fee, share availability, utilization, and on-loan lending pressure page.",short,import_data/short/borrow_fee.json,Ortex,scheduled import,data.derived.lendingPressurePage,Lending Pressure Page,object,"{""cards"":{""borrowFee"":{""label"":""Borrow Fee"",""value"":30.78,""valueDisplay"":""30.78%"",""formula"":""value = data.current.costToBorrowAll; change = data.current.cost...",Precomputed by backend/import pipeline; see sibling formula field in the same derived object.,Lending Pressure Page is a precomputed derived metric used by the page so the frontend does not calculate it.,Derived metric. Backend/import pipeline should populate this key before the portal reads it.
/monitor/[ticker]/lending-pressure,Lending Pressure,"Borrow fee, share availability, utilization, and on-loan lending pressure page.",short,import_data/short/borrow_fee.json,Ortex,scheduled import,data.derived.lendingPressurePage.cards,Cards,object,"{""borrowFee"":{""label"":""Borrow Fee"",""value"":30.78,""valueDisplay"":""30.78%"",""formula"":""value = data.current.costToBorrowAll; change = data.current.costToBorrowA...",Precomputed by backend/import pipeline; see sibling formula field in the same derived object.,Cards is a precomputed derived metric used by the page so the frontend does not calculate it.,Derived metric. Backend/import pipeline should populate this key before the portal reads it.
/monitor/[ticker]/lending-pressure,Lending Pressure,"Borrow fee, share availability, utilization, and on-loan lending pressure page.",short,import_data/short/borrow_fee.json,Ortex,scheduled import,data.derived.lendingPressurePage.cards.borrowFee,Borrow Fee,object,"{""label"":""Borrow Fee"",""value"":30.78,""valueDisplay"":""30.78%"",""formula"":""value = data.current.costToBorrowAll; change = data.current.costToBorrowAll - previous...",Precomputed by backend/import pipeline; see sibling formula field in the same derived object.,Borrow Fee is a precomputed derived metric used by the page so the frontend does not calculate it.,Derived metric. Backend/import pipeline should populate this key before the portal reads it.
/monitor/[ticker]/lending-pressure,Lending Pressure,"Borrow fee, share availability, utilization, and on-loan lending pressure page.",short,import_data/short/borrow_fee.json,Ortex,scheduled import,data.derived.lendingPressurePage.cards.borrowFee.label,Label,string,Borrow Fee,Precomputed by backend/import pipeline; see sibling formula field in the same derived object.,Label is a precomputed derived metric used by the page so the frontend does not calculate it.,Derived metric. Backend/import pipeline should populate this key before the portal reads it.
/monitor/[ticker]/lending-pressure,Lending Pressure,"Borrow fee, share availability, utilization, and on-loan lending pressure page.",short,import_data/short/borrow_fee.json,Ortex,scheduled import,data.derived.lendingPressurePage.cards.borrowFee.value,Value,number,30.78,Precomputed by backend/import pipeline; see sibling formula field in the same derived object.,Value is a precomputed derived metric used by the page so the frontend does not calculate it.,Derived metric. Backend/import pipeline should populate this key before the portal reads it.
/monitor/[ticker]/lending-pressure,Lending Pressure,"Borrow fee, share availability, utilization, and on-loan lending pressure page.",short,import_data/short/borrow_fee.json,Ortex,scheduled import,data.derived.lendingPressurePage.cards.borrowFee.valueDisplay,Value Display,string,30.78%,Precomputed by backend/import pipeline; see sibling formula field in the same derived object.,Value Display is a precomputed derived metric used by the page so the frontend does not calculate it.,Derived metric. Backend/import pipeline should populate this key before the portal reads it.
/monitor/[ticker]/lending-pressure,Lending Pressure,"Borrow fee, share availability, utilization, and on-loan lending pressure page.",short,import_data/short/borrow_fee.json,Ortex,scheduled import,data.derived.lendingPressurePage.cards.borrowFee.formula,Formula,string,value = data.current.costToBorrowAll; change = data.current.costToBorrowAll - previous(data.all[].costToBorrowAll); changePercent = change / previous(data.all[].costToBorrowAll) * 100,value = data.current.costToBorrowAll; change = data.current.costToBorrowAll - previous(data.all[].costToBorrowAll); changePercent = change / previous(data.all[].costToBorrowAll) * 100,Formula is a precomputed derived metric used by the page so the frontend does not calculate it.,Derived metric. Backend/import pipeline should populate this key before the portal reads it.
/monitor/[ticker]/lending-pressure,Lending Pressure,"Borrow fee, share availability, utilization, and on-loan lending pressure page.",short,import_data/short/borrow_fee.json,Ortex,scheduled import,data.derived.lendingPressurePage.cards.borrowFee.sourcePaths,Source Paths,array,2 records,Precomputed by backend/import pipeline; see sibling formula field in the same derived object.,Source Paths is a precomputed derived metric used by the page so the frontend does not calculate it.,Derived metric. Backend/import pipeline should populate this key before the portal reads it.
/monitor/[ticker]/lending-pressure,Lending Pressure,"Borrow fee, share availability, utilization, and on-loan lending pressure page.",short,import_data/short/borrow_fee.json,Ortex,scheduled import,data.derived.lendingPressurePage.cards.borrowFee.sourcePaths[],Source Paths,string,data.all[].costToBorrowAll,Precomputed by backend/import pipeline; see sibling formula field in the same derived object.,Source Paths is a precomputed derived metric used by the page so the frontend does not calculate it.,Derived metric. Backend/import pipeline should populate this key before the portal reads it.
/monitor/[ticker]/lending-pressure,Lending Pressure,"Borrow fee, share availability, utilization, and on-loan lending pressure page.",short,import_data/short/borrow_fee.json,Ortex,scheduled import,data.derived.lendingPressurePage.cards.borrowFee.change,Change,number,0.019999999999999574,Precomputed by backend/import pipeline; see sibling formula field in the same derived object.,Change is a precomputed derived metric used by the page so the frontend does not calculate it.,Derived metric. Backend/import pipeline should populate this key before the portal reads it.
/monitor/[ticker]/lending-pressure,Lending Pressure,"Borrow fee, share availability, utilization, and on-loan lending pressure page.",short,import_data/short/borrow_fee.json,Ortex,scheduled import,data.derived.lendingPressurePage.cards.borrowFee.changeDisplay,Change Display,string,+0.02 pts,Precomputed by backend/import pipeline; see sibling formula field in the same derived object.,Change Display is a precomputed derived metric used by the page so the frontend does not calculate it.,Derived metric. Backend/import pipeline should populate this key before the portal reads it.
/monitor/[ticker]/lending-pressure,Lending Pressure,"Borrow fee, share availability, utilization, and on-loan lending pressure page.",short,import_data/short/borrow_fee.json,Ortex,scheduled import,data.derived.lendingPressurePage.cards.borrowFee.changePercent,Change Percent,number,0.06501950585175414,Precomputed by backend/import pipeline; see sibling formula field in the same derived object.,Change Percent is a precomputed derived metric used by the page so the frontend does not calculate it.,Derived metric. Backend/import pipeline should populate this key before the portal reads it.
/monitor/[ticker]/lending-pressure,Lending Pressure,"Borrow fee, share availability, utilization, and on-loan lending pressure page.",short,import_data/short/borrow_fee.json,Ortex,scheduled import,data.derived.lendingPressurePage.cards.borrowFee.changePercentDisplay,Change Percent Display,string,+0.07%,Precomputed by backend/import pipeline; see sibling formula field in the same derived object.,Change Percent Display is a precomputed derived metric used by the page so the frontend does not calculate it.,Derived metric. Backend/import pipeline should populate this key before the portal reads it.
/monitor/[ticker]/lending-pressure,Lending Pressure,"Borrow fee, share availability, utilization, and on-loan lending pressure page.",short,import_data/short/borrow_fee.json,Ortex,scheduled import,data.derived.lendingPressurePage.cards.borrowFee.deltaDisplay,Delta Display,string,+0.02 pts(+0.07%),Precomputed by backend/import pipeline; see sibling formula field in the same derived object.,Delta Display is a precomputed derived metric used by the page so the frontend does not calculate it.,Derived metric. Backend/import pipeline should populate this key before the portal reads it.
/monitor/[ticker]/lending-pressure,Lending Pressure,"Borrow fee, share availability, utilization, and on-loan lending pressure page.",short,import_data/short/borrow_fee.json,Ortex,scheduled import,data.derived.lendingPressurePage.cards.borrowFee.previousValue,Previous Value,number,30.76,Precomputed by backend/import pipeline; see sibling formula field in the same derived object.,Previous Value is a precomputed derived metric used by the page so the frontend does not calculate it.,Derived metric. Backend/import pipeline should populate this key before the portal reads it.
/monitor/[ticker]/lending-pressure,Lending Pressure,"Borrow fee, share availability, utilization, and on-loan lending pressure page.",short,import_data/short/borrow_fee.json,Ortex,scheduled import,data.derived.lendingPressurePage.cards.borrowFee.deltaCurrentValue,Delta Current Value,number,30.78,Precomputed by backend/import pipeline; see sibling formula field in the same derived object.,Delta Current Value is a precomputed derived metric used by the page so the frontend does not calculate it.,Derived metric. Backend/import pipeline should populate this key before the portal reads it.
/monitor/[ticker]/lending-pressure,Lending Pressure,"Borrow fee, share availability, utilization, and on-loan lending pressure page.",short,import_data/short/on_loan.json,Ortex,scheduled import,ticker,Ticker,string,CURR,Direct value from normalized JSON envelope,Stock ticker symbol for the issuer workspace.,Demo data is present for chart readiness; replace with provider daily on-loan records when the Ortex connector is available.
/monitor/[ticker]/lending-pressure,Lending Pressure,"Borrow fee, share availability, utilization, and on-loan lending pressure page.",short,import_data/short/on_loan.json,Ortex,scheduled import,asOfDate,As Of Date,string,2026-05-26,Direct value from normalized JSON envelope,Business date represented by the imported data.,Demo data is present for chart readiness; replace with provider daily on-loan records when the Ortex connector is available.
/monitor/[ticker]/lending-pressure,Lending Pressure,"Borrow fee, share availability, utilization, and on-loan lending pressure page.",short,import_data/short/on_loan.json,Ortex,scheduled import,importedAt,Imported At,string,2026-05-26T11:26:45.496Z,Direct value from normalized JSON envelope,Timestamp when the file was copied or normalized into import_data.,Demo data is present for chart readiness; replace with provider daily on-loan records when the Ortex connector is available.
/monitor/[ticker]/lending-pressure,Lending Pressure,"Borrow fee, share availability, utilization, and on-loan lending pressure page.",short,import_data/short/on_loan.json,Ortex,scheduled import,source,Source,string,Sample Data normalized,Direct value from normalized JSON envelope,Human-readable source note for this normalized file.,Demo data is present for chart readiness; replace with provider daily on-loan records when the Ortex connector is available.
/monitor/[ticker]/lending-pressure,Lending Pressure,"Borrow fee, share availability, utilization, and on-loan lending pressure page.",short,import_data/short/on_loan.json,Ortex,scheduled import,sourcePlatform,Source Platform,string,Ortex,Direct value from normalized JSON envelope,Expected data provider or platform.,Demo data is present for chart readiness; replace with provider daily on-loan records when the Ortex connector is available.
/monitor/[ticker]/lending-pressure,Lending Pressure,"Borrow fee, share availability, utilization, and on-loan lending pressure page.",short,import_data/short/on_loan.json,Ortex,scheduled import,recordType,Record Type,string,onLoan,Direct value from normalized JSON envelope,Semantic type of the JSON file.,Demo data is present for chart readiness; replace with provider daily on-loan records when the Ortex connector is available.
/monitor/[ticker]/lending-pressure,Lending Pressure,"Borrow fee, share availability, utilization, and on-loan lending pressure page.",short,import_data/short/on_loan.json,Ortex,scheduled import,category,Category,string,short,Direct value from normalized JSON envelope,Category used by short/on_loan views.,Demo data is present for chart readiness; replace with provider daily on-loan records when the Ortex connector is available.
/monitor/[ticker]/lending-pressure,Lending Pressure,"Borrow fee, share availability, utilization, and on-loan lending pressure page.",short,import_data/short/on_loan.json,Ortex,scheduled import,recordCount,Record Count,number,7,Number of records in the envelope data payload,Number of daily on-loan records in the data payload.,Demo data is present for chart readiness; replace with provider daily on-loan records when the Ortex connector is available.
/monitor/[ticker]/lending-pressure,Lending Pressure,"Borrow fee, share availability, utilization, and on-loan lending pressure page.",short,import_data/short/on_loan.json,Ortex,scheduled import,status,Status,string,ready,Direct value from normalized JSON envelope,Status used by short/on_loan views.,Demo data is present for chart readiness; replace with provider daily on-loan records when the Ortex connector is available.
/monitor/[ticker]/lending-pressure,Lending Pressure,"Borrow fee, share availability, utilization, and on-loan lending pressure page.",short,import_data/short/on_loan.json,Ortex,scheduled import,notes,Notes,string,Demo trend data added for Lending Pressure chart until the Ortex on-loan connector provides daily records.,Direct value from normalized JSON envelope,Notes describing the demo on-loan trend dataset.,Demo data is present for chart readiness; replace with provider daily on-loan records when the Ortex connector is available.
/monitor/[ticker]/lending-pressure,Lending Pressure,"Borrow fee, share availability, utilization, and on-loan lending pressure page.",short,import_data/short/on_loan.json,Ortex,scheduled import,originalFiles,Original Files,array,1 records,Direct value from normalized JSON envelope,Original source file references for the on-loan dataset.,Demo data is present for chart readiness; replace with provider daily on-loan records when the Ortex connector is available.
/monitor/[ticker]/lending-pressure,Lending Pressure,"Borrow fee, share availability, utilization, and on-loan lending pressure page.",short,import_data/short/on_loan.json,Ortex,scheduled import,data,Data,array,7 records,Direct value from normalized JSON envelope,Daily shares-on-loan dataset used by Lending Pressure and dashboard borrow-demand calculations.,Demo data is present for chart readiness; replace with provider daily on-loan records when the Ortex connector is available.
/monitor/[ticker]/lending-pressure,Lending Pressure,"Borrow fee, share availability, utilization, and on-loan lending pressure page.",short,import_data/short/on_loan.json,Ortex,scheduled import,originalFiles[],Original Files,string,Sample Data/Ortex/on_loan_demo.json,Direct value from normalized JSON envelope,Demo source file reference for the on-loan trend dataset.,Demo data is present for chart readiness; replace with provider daily on-loan records when the Ortex connector is available.
/monitor/[ticker]/lending-pressure,Lending Pressure,"Borrow fee, share availability, utilization, and on-loan lending pressure page.",short,import_data/short/on_loan.json,Ortex,scheduled import,data[],Data,object,"{""date"":""2026-04-29"",""sharesOnLoan"":697200}",Direct value from normalized JSON envelope,One daily on-loan trend record.,Demo data is present for chart readiness; replace with provider daily on-loan records when the Ortex connector is available.
/monitor/[ticker]/lending-pressure,Lending Pressure,"Borrow fee, share availability, utilization, and on-loan lending pressure page.",short,import_data/short/on_loan.json,Ortex,scheduled import,data[].date,Date,string,2026-04-29,Direct value from normalized JSON envelope,Date for the daily on-loan observation.,Demo data is present for chart readiness; replace with provider daily on-loan records when the Ortex connector is available.
/monitor/[ticker]/lending-pressure,Lending Pressure,"Borrow fee, share availability, utilization, and on-loan lending pressure page.",short,import_data/short/on_loan.json,Ortex,scheduled import,data[].sharesOnLoan,Shares On Loan,number,697200,Direct value from normalized JSON envelope,Number of shares on loan for the date; used by the On Loan Trend chart and borrow-demand calculations.,Demo data is present for chart readiness; replace with provider daily on-loan records when the Ortex connector is available.
/monitor/[ticker]/lending-pressure,Lending Pressure,"Borrow fee, share availability, utilization, and on-loan lending pressure page.",short,import_data/short/shares_available.json,Ortex,scheduled import,ticker,Ticker,string,CURR,Direct value from normalized JSON envelope,Stock ticker symbol for the issuer workspace.,Keep this key stable when updating Google Drive JSON. Add new keys as new columns/rows when provider coverage expands.
/monitor/[ticker]/lending-pressure,Lending Pressure,"Borrow fee, share availability, utilization, and on-loan lending pressure page.",short,import_data/short/shares_available.json,Ortex,scheduled import,asOfDate,As Of Date,string,2026-05-26,Direct value from normalized JSON envelope,Business date represented by the imported data.,Keep this key stable when updating Google Drive JSON. Add new keys as new columns/rows when provider coverage expands.
/monitor/[ticker]/lending-pressure,Lending Pressure,"Borrow fee, share availability, utilization, and on-loan lending pressure page.",short,import_data/short/shares_available.json,Ortex,scheduled import,importedAt,Imported At,string,2026-05-26T11:26:45.496Z,Direct value from normalized JSON envelope,Timestamp when the file was copied or normalized into import_data.,Keep this key stable when updating Google Drive JSON. Add new keys as new columns/rows when provider coverage expands.
/monitor/[ticker]/lending-pressure,Lending Pressure,"Borrow fee, share availability, utilization, and on-loan lending pressure page.",short,import_data/short/shares_available.json,Ortex,scheduled import,source,Source,string,Sample Data normalized,Direct value from normalized JSON envelope,Human-readable source note for this normalized file.,Keep this key stable when updating Google Drive JSON. Add new keys as new columns/rows when provider coverage expands.
/monitor/[ticker]/lending-pressure,Lending Pressure,"Borrow fee, share availability, utilization, and on-loan lending pressure page.",short,import_data/short/shares_available.json,Ortex,scheduled import,sourcePlatform,Source Platform,string,Ortex,Direct value from normalized JSON envelope,Expected data provider or platform.,Keep this key stable when updating Google Drive JSON. Add new keys as new columns/rows when provider coverage expands.
/monitor/[ticker]/lending-pressure,Lending Pressure,"Borrow fee, share availability, utilization, and on-loan lending pressure page.",short,import_data/short/shares_available.json,Ortex,scheduled import,recordType,Record Type,string,sharesAvailable,Direct value from normalized JSON envelope,Semantic type of the JSON file.,Keep this key stable when updating Google Drive JSON. Add new keys as new columns/rows when provider coverage expands.
/monitor/[ticker]/lending-pressure,Lending Pressure,"Borrow fee, share availability, utilization, and on-loan lending pressure page.",short,import_data/short/shares_available.json,Ortex,scheduled import,category,Category,string,short,Direct value from normalized JSON envelope,Category used by short/shares_available views.,Keep this key stable when updating Google Drive JSON. Add new keys as new columns/rows when provider coverage expands.
/monitor/[ticker]/lending-pressure,Lending Pressure,"Borrow fee, share availability, utilization, and on-loan lending pressure page.",short,import_data/short/shares_available.json,Ortex,scheduled import,recordCount,Record Count,number,2,Number of records in the envelope data payload,Number of top-level records in the data payload.,Keep this key stable when updating Google Drive JSON. Add new keys as new columns/rows when provider coverage expands.
/monitor/[ticker]/lending-pressure,Lending Pressure,"Borrow fee, share availability, utilization, and on-loan lending pressure page.",short,import_data/short/shares_available.json,Ortex,scheduled import,status,Status,string,ready,Direct value from normalized JSON envelope,Status used by short/shares_available views.,Keep this key stable when updating Google Drive JSON. Add new keys as new columns/rows when provider coverage expands.
/monitor/[ticker]/lending-pressure,Lending Pressure,"Borrow fee, share availability, utilization, and on-loan lending pressure page.",short,import_data/short/shares_available.json,Ortex,scheduled import,notes,Notes,null,,Direct value from normalized JSON envelope,Notes used by short/shares_available views.,Keep this key stable when updating Google Drive JSON. Add new keys as new columns/rows when provider coverage expands.
/monitor/[ticker]/lending-pressure,Lending Pressure,"Borrow fee, share availability, utilization, and on-loan lending pressure page.",short,import_data/short/shares_available.json,Ortex,scheduled import,originalFiles,Original Files,array,1 records,Direct value from normalized JSON envelope,Original Files used by short/shares_available views.,Keep this key stable when updating Google Drive JSON. Add new keys as new columns/rows when provider coverage expands.
/monitor/[ticker]/lending-pressure,Lending Pressure,"Borrow fee, share availability, utilization, and on-loan lending pressure page.",short,import_data/short/shares_available.json,Ortex,scheduled import,originalFiles[],Original Files,string,Sample Data/Ortex/availability.json,Direct value from normalized JSON envelope,Original Files used by short/shares_available views.,Keep this key stable when updating Google Drive JSON. Add new keys as new columns/rows when provider coverage expands.
/monitor/[ticker]/lending-pressure,Lending Pressure,"Borrow fee, share availability, utilization, and on-loan lending pressure page.",short,import_data/short/shares_available.json,Ortex,scheduled import,data,Data,array,2 records,Direct value from normalized JSON envelope,Data used by short/shares_available views.,Keep this key stable when updating Google Drive JSON. Add new keys as new columns/rows when provider coverage expands.
/monitor/[ticker]/lending-pressure,Lending Pressure,"Borrow fee, share availability, utilization, and on-loan lending pressure page.",short,import_data/short/shares_available.json,Ortex,scheduled import,data[],Data,object,"{""date"":""2026-04-29"",""shortAvailabilityPct"":73.57,""shortAvailabilityShares"":2511276}",Direct value from normalized JSON envelope,Data used by short/shares_available views.,Keep this key stable when updating Google Drive JSON. Add new keys as new columns/rows when provider coverage expands.
/monitor/[ticker]/lending-pressure,Lending Pressure,"Borrow fee, share availability, utilization, and on-loan lending pressure page.",short,import_data/short/shares_available.json,Ortex,scheduled import,data[].date,Date,string,2026-04-29,Direct value from normalized JSON envelope,Date used by short/shares_available views.,Keep this key stable when updating Google Drive JSON. Add new keys as new columns/rows when provider coverage expands.
/monitor/[ticker]/lending-pressure,Lending Pressure,"Borrow fee, share availability, utilization, and on-loan lending pressure page.",short,import_data/short/shares_available.json,Ortex,scheduled import,data[].shortAvailabilityPct,Short Availability Pct,number,73.57,Direct value from normalized JSON envelope,Short Availability Pct used by short/shares_available views.,Keep this key stable when updating Google Drive JSON. Add new keys as new columns/rows when provider coverage expands.
/monitor/[ticker]/lending-pressure,Lending Pressure,"Borrow fee, share availability, utilization, and on-loan lending pressure page.",short,import_data/short/shares_available.json,Ortex,scheduled import,data[].shortAvailabilityShares,Short Availability Shares,number,2511276,Direct value from normalized JSON envelope,Shares available to short.,Keep this key stable when updating Google Drive JSON. Add new keys as new columns/rows when provider coverage expands.
/monitor/[ticker]/lending-pressure,Lending Pressure,"Borrow fee, share availability, utilization, and on-loan lending pressure page.",short,import_data/short/shares_available.json,Ortex,scheduled import,dataDerived.lendingPressurePage,Lending Pressure Page,object,"{""summary"":{""pressureScore"":41,""pressureScoreDisplay"":""41 / 100"",""level"":""Moderate"",""health"":""Tightening"",""formula"":""pressureScore = round(availabilityPressu...",Precomputed by backend/import pipeline; see sibling formula field in the same derived object.,Lending Pressure Page is a precomputed derived metric used by the page so the frontend does not calculate it.,Derived metric. Backend/import pipeline should populate this key before the portal reads it.
/monitor/[ticker]/lending-pressure,Lending Pressure,"Borrow fee, share availability, utilization, and on-loan lending pressure page.",short,import_data/short/shares_available.json,Ortex,scheduled import,dataDerived.lendingPressurePage.summary,Summary,object,"{""pressureScore"":41,""pressureScoreDisplay"":""41 / 100"",""level"":""Moderate"",""health"":""Tightening"",""formula"":""pressureScore = round(availabilityPressure * 0.25 +...",Precomputed by backend/import pipeline; see sibling formula field in the same derived object.,Summary is a precomputed derived metric used by the page so the frontend does not calculate it.,Derived metric. Backend/import pipeline should populate this key before the portal reads it.
/monitor/[ticker]/lending-pressure,Lending Pressure,"Borrow fee, share availability, utilization, and on-loan lending pressure page.",short,import_data/short/shares_available.json,Ortex,scheduled import,dataDerived.lendingPressurePage.summary.pressureScore,Pressure Score,number,41,Precomputed by backend/import pipeline; see sibling formula field in the same derived object.,Pressure Score is a precomputed derived metric used by the page so the frontend does not calculate it.,Derived metric. Backend/import pipeline should populate this key before the portal reads it.
/monitor/[ticker]/lending-pressure,Lending Pressure,"Borrow fee, share availability, utilization, and on-loan lending pressure page.",short,import_data/short/shares_available.json,Ortex,scheduled import,dataDerived.lendingPressurePage.summary.pressureScoreDisplay,Pressure Score Display,string,41 / 100,Precomputed by backend/import pipeline; see sibling formula field in the same derived object.,Pressure Score Display is a precomputed derived metric used by the page so the frontend does not calculate it.,Derived metric. Backend/import pipeline should populate this key before the portal reads it.
/monitor/[ticker]/lending-pressure,Lending Pressure,"Borrow fee, share availability, utilization, and on-loan lending pressure page.",short,import_data/short/shares_available.json,Ortex,scheduled import,dataDerived.lendingPressurePage.summary.level,Level,string,Moderate,Precomputed by backend/import pipeline; see sibling formula field in the same derived object.,Level is a precomputed derived metric used by the page so the frontend does not calculate it.,Derived metric. Backend/import pipeline should populate this key before the portal reads it.
/monitor/[ticker]/lending-pressure,Lending Pressure,"Borrow fee, share availability, utilization, and on-loan lending pressure page.",short,import_data/short/shares_available.json,Ortex,scheduled import,dataDerived.lendingPressurePage.summary.health,Health,string,Tightening,Precomputed by backend/import pipeline; see sibling formula field in the same derived object.,Health is a precomputed derived metric used by the page so the frontend does not calculate it.,Derived metric. Backend/import pipeline should populate this key before the portal reads it.
/monitor/[ticker]/lending-pressure,Lending Pressure,"Borrow fee, share availability, utilization, and on-loan lending pressure page.",short,import_data/short/shares_available.json,Ortex,scheduled import,dataDerived.lendingPressurePage.summary.formula,Formula,string,pressureScore = round(availabilityPressure * 0.25 + utilizationPressure * 0.30 + borrowFeePressure * 0.30 + borrowDemandScore * 0.15),pressureScore = round(availabilityPressure * 0.25 + utilizationPressure * 0.30 + borrowFeePressure * 0.30 + borrowDemandScore * 0.15),Formula is a precomputed derived metric used by the page so the frontend does not calculate it.,Derived metric. Backend/import pipeline should populate this key before the portal reads it.
/monitor/[ticker]/lending-pressure,Lending Pressure,"Borrow fee, share availability, utilization, and on-loan lending pressure page.",short,import_data/short/shares_available.json,Ortex,scheduled import,dataDerived.lendingPressurePage.components,Components,object,"{""availabilityPressure"":12,""utilizationPressure"":73.57,""borrowFeePressure"":30.78,""borrowDemandScore"":44,""borrowDemand"":""Moderate"",""formulas"":{""availabilityPr...",Precomputed by backend/import pipeline; see sibling formula field in the same derived object.,Components is a precomputed derived metric used by the page so the frontend does not calculate it.,Derived metric. Backend/import pipeline should populate this key before the portal reads it.
/monitor/[ticker]/lending-pressure,Lending Pressure,"Borrow fee, share availability, utilization, and on-loan lending pressure page.",short,import_data/short/shares_available.json,Ortex,scheduled import,dataDerived.lendingPressurePage.components.availabilityPressure,Availability Pressure,number,12,Precomputed by backend/import pipeline; see sibling formula field in the same derived object.,Availability Pressure is a precomputed derived metric used by the page so the frontend does not calculate it.,Derived metric. Backend/import pipeline should populate this key before the portal reads it.
/monitor/[ticker]/lending-pressure,Lending Pressure,"Borrow fee, share availability, utilization, and on-loan lending pressure page.",short,import_data/short/shares_available.json,Ortex,scheduled import,dataDerived.lendingPressurePage.components.utilizationPressure,Utilization Pressure,number,73.57,Precomputed by backend/import pipeline; see sibling formula field in the same derived object.,Utilization Pressure is a precomputed derived metric used by the page so the frontend does not calculate it.,Derived metric. Backend/import pipeline should populate this key before the portal reads it.
/monitor/[ticker]/lending-pressure,Lending Pressure,"Borrow fee, share availability, utilization, and on-loan lending pressure page.",short,import_data/short/shares_available.json,Ortex,scheduled import,dataDerived.lendingPressurePage.components.borrowFeePressure,Borrow Fee Pressure,number,30.78,Precomputed by backend/import pipeline; see sibling formula field in the same derived object.,Borrow Fee Pressure is a precomputed derived metric used by the page so the frontend does not calculate it.,Derived metric. Backend/import pipeline should populate this key before the portal reads it.
/monitor/[ticker]/lending-pressure,Lending Pressure,"Borrow fee, share availability, utilization, and on-loan lending pressure page.",short,import_data/short/shares_available.json,Ortex,scheduled import,dataDerived.lendingPressurePage.components.borrowDemandScore,Borrow Demand Score,number,44,Precomputed by backend/import pipeline; see sibling formula field in the same derived object.,Borrow Demand Score is a precomputed derived metric used by the page so the frontend does not calculate it.,Derived metric. Backend/import pipeline should populate this key before the portal reads it.
/monitor/[ticker]/lending-pressure,Lending Pressure,"Borrow fee, share availability, utilization, and on-loan lending pressure page.",short,import_data/short/shares_available.json,Ortex,scheduled import,dataDerived.lendingPressurePage.components.borrowDemand,Borrow Demand,string,Moderate,Precomputed by backend/import pipeline; see sibling formula field in the same derived object.,Borrow Demand is a precomputed derived metric used by the page so the frontend does not calculate it.,Derived metric. Backend/import pipeline should populate this key before the portal reads it.
/monitor/[ticker]/lending-pressure,Lending Pressure,"Borrow fee, share availability, utilization, and on-loan lending pressure page.",short,import_data/short/shares_available.json,Ortex,scheduled import,dataDerived.lendingPressurePage.components.formulas,Formulas,object,"{""availabilityPressure"":""100 if sharesAvailable <= 100000; 78 if <= 500000; 48 if <= 1500000; otherwise 12"",""utilizationPressure"":""min(100, max(0, latest(sho...",[object Object],Formulas is a precomputed derived metric used by the page so the frontend does not calculate it.,Derived metric. Backend/import pipeline should populate this key before the portal reads it.
/monitor/[ticker]/lending-pressure,Lending Pressure,"Borrow fee, share availability, utilization, and on-loan lending pressure page.",short,import_data/short/shares_available.json,Ortex,scheduled import,dataDerived.lendingPressurePage.components.formulas.availabilityPressure,Availability Pressure,string,100 if sharesAvailable <= 100000; 78 if <= 500000; 48 if <= 1500000; otherwise 12,Precomputed by backend/import pipeline; see sibling formula field in the same derived object.,Availability Pressure is a precomputed derived metric used by the page so the frontend does not calculate it.,Derived metric. Backend/import pipeline should populate this key before the portal reads it.
/monitor/[ticker]/lending-pressure,Lending Pressure,"Borrow fee, share availability, utilization, and on-loan lending pressure page.",short,import_data/short/shares_available.json,Ortex,scheduled import,dataDerived.lendingPressurePage.components.formulas.utilizationPressure,Utilization Pressure,string,"min(100, max(0, latest(shortAvailabilityPct)))",Precomputed by backend/import pipeline; see sibling formula field in the same derived object.,Utilization Pressure is a precomputed derived metric used by the page so the frontend does not calculate it.,Derived metric. Backend/import pipeline should populate this key before the portal reads it.
/monitor/[ticker]/lending-pressure,Lending Pressure,"Borrow fee, share availability, utilization, and on-loan lending pressure page.",short,import_data/short/shares_available.json,Ortex,scheduled import,dataDerived.lendingPressurePage.components.formulas.borrowFeePressure,Borrow Fee Pressure,string,"min(100, max(0, data.current.costToBorrowAll from borrow_fee.json))",Precomputed by backend/import pipeline; see sibling formula field in the same derived object.,Borrow Fee Pressure is a precomputed derived metric used by the page so the frontend does not calculate it.,Derived metric. Backend/import pipeline should populate this key before the portal reads it.
/monitor/[ticker]/lending-pressure,Lending Pressure,"Borrow fee, share availability, utilization, and on-loan lending pressure page.",short,import_data/short/shares_available.json,Ortex,scheduled import,dataDerived.lendingPressurePage.components.formulas.borrowDemandScore,Borrow Demand Score,string,round(utilizationPressure * 0.42 + borrowFeePressure * 0.35 + availabilityPressure * 0.18 + 5 if onLoanShares > 0),Precomputed by backend/import pipeline; see sibling formula field in the same derived object.,Borrow Demand Score is a precomputed derived metric used by the page so the frontend does not calculate it.,Derived metric. Backend/import pipeline should populate this key before the portal reads it.
/monitor/[ticker]/lending-pressure,Lending Pressure,"Borrow fee, share availability, utilization, and on-loan lending pressure page.",short,import_data/short/shares_available.json,Ortex,scheduled import,dataDerived.lendingPressurePage.cards,Cards,object,"{""sharesAvailable"":{""label"":""Shares Available"",""value"":2511276,""valueDisplay"":""2,511,276"",""formula"":""value = latest(data).shortAvailabilityShares; change = l...",Precomputed by backend/import pipeline; see sibling formula field in the same derived object.,Cards is a precomputed derived metric used by the page so the frontend does not calculate it.,Derived metric. Backend/import pipeline should populate this key before the portal reads it.
/monitor/[ticker]/lending-pressure,Lending Pressure,"Borrow fee, share availability, utilization, and on-loan lending pressure page.",short,import_data/short/shares_available.json,Ortex,scheduled import,dataDerived.lendingPressurePage.cards.sharesAvailable,Shares Available,object,"{""label"":""Shares Available"",""value"":2511276,""valueDisplay"":""2,511,276"",""formula"":""value = latest(data).shortAvailabilityShares; change = latest(data).shortAv...",Precomputed by backend/import pipeline; see sibling formula field in the same derived object.,Shares Available is a precomputed derived metric used by the page so the frontend does not calculate it.,Derived metric. Backend/import pipeline should populate this key before the portal reads it.
/monitor/[ticker]/lending-pressure,Lending Pressure,"Borrow fee, share availability, utilization, and on-loan lending pressure page.",short,import_data/short/shares_available.json,Ortex,scheduled import,dataDerived.lendingPressurePage.cards.sharesAvailable.label,Label,string,Shares Available,Precomputed by backend/import pipeline; see sibling formula field in the same derived object.,Label is a precomputed derived metric used by the page so the frontend does not calculate it.,Derived metric. Backend/import pipeline should populate this key before the portal reads it.
/monitor/[ticker]/lending-pressure,Lending Pressure,"Borrow fee, share availability, utilization, and on-loan lending pressure page.",short,import_data/short/shares_available.json,Ortex,scheduled import,dataDerived.lendingPressurePage.cards.sharesAvailable.value,Value,number,2511276,Precomputed by backend/import pipeline; see sibling formula field in the same derived object.,Value is a precomputed derived metric used by the page so the frontend does not calculate it.,Derived metric. Backend/import pipeline should populate this key before the portal reads it.
/monitor/[ticker]/lending-pressure,Lending Pressure,"Borrow fee, share availability, utilization, and on-loan lending pressure page.",short,import_data/short/shares_available.json,Ortex,scheduled import,dataDerived.lendingPressurePage.cards.sharesAvailable.valueDisplay,Value Display,string,"2,511,276",Precomputed by backend/import pipeline; see sibling formula field in the same derived object.,Value Display is a precomputed derived metric used by the page so the frontend does not calculate it.,Derived metric. Backend/import pipeline should populate this key before the portal reads it.
/monitor/[ticker]/lending-pressure,Lending Pressure,"Borrow fee, share availability, utilization, and on-loan lending pressure page.",short,import_data/short/shares_available.json,Ortex,scheduled import,dataDerived.lendingPressurePage.cards.sharesAvailable.formula,Formula,string,value = latest(data).shortAvailabilityShares; change = latest(data).shortAvailabilityShares - previous(data).shortAvailabilityShares; changePercent = change / previous(data).shortAvailabilityShares * 100,value = latest(data).shortAvailabilityShares; change = latest(data).shortAvailabilityShares - previous(data).shortAvailabilityShares; changePercent = change / previous(data).shortAvailabilityShares * 100,Formula is a precomputed derived metric used by the page so the frontend does not calculate it.,Derived metric. Backend/import pipeline should populate this key before the portal reads it.
/monitor/[ticker]/lending-pressure,Lending Pressure,"Borrow fee, share availability, utilization, and on-loan lending pressure page.",short,import_data/short/shares_available.json,Ortex,scheduled import,dataDerived.lendingPressurePage.cards.sharesAvailable.sourcePaths,Source Paths,array,1 records,Precomputed by backend/import pipeline; see sibling formula field in the same derived object.,Source Paths is a precomputed derived metric used by the page so the frontend does not calculate it.,Derived metric. Backend/import pipeline should populate this key before the portal reads it.
/monitor/[ticker]/lending-pressure,Lending Pressure,"Borrow fee, share availability, utilization, and on-loan lending pressure page.",short,import_data/short/shares_available.json,Ortex,scheduled import,dataDerived.lendingPressurePage.cards.sharesAvailable.sourcePaths[],Source Paths,string,data[].shortAvailabilityShares,Precomputed by backend/import pipeline; see sibling formula field in the same derived object.,Source Paths is a precomputed derived metric used by the page so the frontend does not calculate it.,Derived metric. Backend/import pipeline should populate this key before the portal reads it.
/monitor/[ticker]/lending-pressure,Lending Pressure,"Borrow fee, share availability, utilization, and on-loan lending pressure page.",short,import_data/short/shares_available.json,Ortex,scheduled import,dataDerived.lendingPressurePage.cards.sharesAvailable.change,Change,number,-36700,Precomputed by backend/import pipeline; see sibling formula field in the same derived object.,Change is a precomputed derived metric used by the page so the frontend does not calculate it.,Derived metric. Backend/import pipeline should populate this key before the portal reads it.
/monitor/[ticker]/lending-pressure,Lending Pressure,"Borrow fee, share availability, utilization, and on-loan lending pressure page.",short,import_data/short/shares_available.json,Ortex,scheduled import,dataDerived.lendingPressurePage.cards.sharesAvailable.changeDisplay,Change Display,string,"-36,700 shares",Precomputed by backend/import pipeline; see sibling formula field in the same derived object.,Change Display is a precomputed derived metric used by the page so the frontend does not calculate it.,Derived metric. Backend/import pipeline should populate this key before the portal reads it.
/monitor/[ticker]/lending-pressure,Lending Pressure,"Borrow fee, share availability, utilization, and on-loan lending pressure page.",short,import_data/short/shares_available.json,Ortex,scheduled import,dataDerived.lendingPressurePage.cards.sharesAvailable.changePercent,Change Percent,number,-1.440358935876947,Precomputed by backend/import pipeline; see sibling formula field in the same derived object.,Change Percent is a precomputed derived metric used by the page so the frontend does not calculate it.,Derived metric. Backend/import pipeline should populate this key before the portal reads it.
/monitor/[ticker]/lending-pressure,Lending Pressure,"Borrow fee, share availability, utilization, and on-loan lending pressure page.",short,import_data/short/shares_available.json,Ortex,scheduled import,dataDerived.lendingPressurePage.cards.sharesAvailable.changePercentDisplay,Change Percent Display,string,-1.44%,Precomputed by backend/import pipeline; see sibling formula field in the same derived object.,Change Percent Display is a precomputed derived metric used by the page so the frontend does not calculate it.,Derived metric. Backend/import pipeline should populate this key before the portal reads it.
/monitor/[ticker]/lending-pressure,Lending Pressure,"Borrow fee, share availability, utilization, and on-loan lending pressure page.",short,import_data/short/shares_available.json,Ortex,scheduled import,dataDerived.lendingPressurePage.cards.sharesAvailable.deltaDisplay,Delta Display,string,"-36,700 shares(-1.44%)",Precomputed by backend/import pipeline; see sibling formula field in the same derived object.,Delta Display is a precomputed derived metric used by the page so the frontend does not calculate it.,Derived metric. Backend/import pipeline should populate this key before the portal reads it.
/monitor/[ticker]/lending-pressure,Lending Pressure,"Borrow fee, share availability, utilization, and on-loan lending pressure page.",short,import_data/short/shares_available.json,Ortex,scheduled import,dataDerived.lendingPressurePage.cards.sharesAvailable.previousValue,Previous Value,number,2547976,Precomputed by backend/import pipeline; see sibling formula field in the same derived object.,Previous Value is a precomputed derived metric used by the page so the frontend does not calculate it.,Derived metric. Backend/import pipeline should populate this key before the portal reads it.
/monitor/[ticker]/lending-pressure,Lending Pressure,"Borrow fee, share availability, utilization, and on-loan lending pressure page.",short,import_data/short/shares_available.json,Ortex,scheduled import,dataDerived.lendingPressurePage.cards.sharesAvailable.deltaCurrentValue,Delta Current Value,number,2511276,Precomputed by backend/import pipeline; see sibling formula field in the same derived object.,Delta Current Value is a precomputed derived metric used by the page so the frontend does not calculate it.,Derived metric. Backend/import pipeline should populate this key before the portal reads it.
/monitor/[ticker]/lending-pressure,Lending Pressure,"Borrow fee, share availability, utilization, and on-loan lending pressure page.",short,import_data/short/shares_available.json,Ortex,scheduled import,dataDerived.lendingPressurePage.cards.utilization,Utilization,object,"{""label"":""Utilization"",""value"":73.57,""valueDisplay"":""73.6%"",""formula"":""value = latest(data).shortAvailabilityPct; change = latest(data).shortAvailabilityPct ...",Precomputed by backend/import pipeline; see sibling formula field in the same derived object.,Utilization is a precomputed derived metric used by the page so the frontend does not calculate it.,Derived metric. Backend/import pipeline should populate this key before the portal reads it.
/monitor/[ticker]/lending-pressure,Lending Pressure,"Borrow fee, share availability, utilization, and on-loan lending pressure page.",short,import_data/short/shares_available.json,Ortex,scheduled import,dataDerived.lendingPressurePage.cards.utilization.label,Label,string,Utilization,Precomputed by backend/import pipeline; see sibling formula field in the same derived object.,Label is a precomputed derived metric used by the page so the frontend does not calculate it.,Derived metric. Backend/import pipeline should populate this key before the portal reads it.
/monitor/[ticker]/lending-pressure,Lending Pressure,"Borrow fee, share availability, utilization, and on-loan lending pressure page.",short,import_data/short/shares_available.json,Ortex,scheduled import,dataDerived.lendingPressurePage.cards.utilization.value,Value,number,73.57,Precomputed by backend/import pipeline; see sibling formula field in the same derived object.,Value is a precomputed derived metric used by the page so the frontend does not calculate it.,Derived metric. Backend/import pipeline should populate this key before the portal reads it.
/monitor/[ticker]/lending-pressure,Lending Pressure,"Borrow fee, share availability, utilization, and on-loan lending pressure page.",short,import_data/short/shares_available.json,Ortex,scheduled import,dataDerived.lendingPressurePage.cards.utilization.valueDisplay,Value Display,string,73.6%,Precomputed by backend/import pipeline; see sibling formula field in the same derived object.,Value Display is a precomputed derived metric used by the page so the frontend does not calculate it.,Derived metric. Backend/import pipeline should populate this key before the portal reads it.
/monitor/[ticker]/lending-pressure,Lending Pressure,"Borrow fee, share availability, utilization, and on-loan lending pressure page.",short,import_data/short/shares_available.json,Ortex,scheduled import,dataDerived.lendingPressurePage.cards.utilization.formula,Formula,string,value = latest(data).shortAvailabilityPct; change = latest(data).shortAvailabilityPct - previous(data).shortAvailabilityPct; changePercent = change / previous(data).shortAvailabilityPct * 100,value = latest(data).shortAvailabilityPct; change = latest(data).shortAvailabilityPct - previous(data).shortAvailabilityPct; changePercent = change / previous(data).shortAvailabilityPct * 100,Formula is a precomputed derived metric used by the page so the frontend does not calculate it.,Derived metric. Backend/import pipeline should populate this key before the portal reads it.
/monitor/[ticker]/lending-pressure,Lending Pressure,"Borrow fee, share availability, utilization, and on-loan lending pressure page.",short,import_data/short/shares_available.json,Ortex,scheduled import,dataDerived.lendingPressurePage.cards.utilization.sourcePaths,Source Paths,array,1 records,Precomputed by backend/import pipeline; see sibling formula field in the same derived object.,Source Paths is a precomputed derived metric used by the page so the frontend does not calculate it.,Derived metric. Backend/import pipeline should populate this key before the portal reads it.
/monitor/[ticker]/lending-pressure,Lending Pressure,"Borrow fee, share availability, utilization, and on-loan lending pressure page.",short,import_data/short/shares_available.json,Ortex,scheduled import,dataDerived.lendingPressurePage.cards.utilization.sourcePaths[],Source Paths,string,data[].shortAvailabilityPct,Precomputed by backend/import pipeline; see sibling formula field in the same derived object.,Source Paths is a precomputed derived metric used by the page so the frontend does not calculate it.,Derived metric. Backend/import pipeline should populate this key before the portal reads it.
/monitor/[ticker]/lending-pressure,Lending Pressure,"Borrow fee, share availability, utilization, and on-loan lending pressure page.",short,import_data/short/shares_available.json,Ortex,scheduled import,dataDerived.lendingPressurePage.cards.utilization.change,Change,number,-1.0300000000000011,Precomputed by backend/import pipeline; see sibling formula field in the same derived object.,Change is a precomputed derived metric used by the page so the frontend does not calculate it.,Derived metric. Backend/import pipeline should populate this key before the portal reads it.
/monitor/[ticker]/lending-pressure,Lending Pressure,"Borrow fee, share availability, utilization, and on-loan lending pressure page.",short,import_data/short/shares_available.json,Ortex,scheduled import,dataDerived.lendingPressurePage.cards.utilization.changeDisplay,Change Display,string,-1.03 pts,Precomputed by backend/import pipeline; see sibling formula field in the same derived object.,Change Display is a precomputed derived metric used by the page so the frontend does not calculate it.,Derived metric. Backend/import pipeline should populate this key before the portal reads it.
/monitor/[ticker]/lending-pressure,Lending Pressure,"Borrow fee, share availability, utilization, and on-loan lending pressure page.",short,import_data/short/shares_available.json,Ortex,scheduled import,dataDerived.lendingPressurePage.cards.utilization.changePercent,Change Percent,number,-1.3806970509383394,Precomputed by backend/import pipeline; see sibling formula field in the same derived object.,Change Percent is a precomputed derived metric used by the page so the frontend does not calculate it.,Derived metric. Backend/import pipeline should populate this key before the portal reads it.
/monitor/[ticker]/lending-pressure,Lending Pressure,"Borrow fee, share availability, utilization, and on-loan lending pressure page.",short,import_data/short/shares_available.json,Ortex,scheduled import,dataDerived.lendingPressurePage.cards.utilization.changePercentDisplay,Change Percent Display,string,-1.38%,Precomputed by backend/import pipeline; see sibling formula field in the same derived object.,Change Percent Display is a precomputed derived metric used by the page so the frontend does not calculate it.,Derived metric. Backend/import pipeline should populate this key before the portal reads it.
/monitor/[ticker]/lending-pressure,Lending Pressure,"Borrow fee, share availability, utilization, and on-loan lending pressure page.",short,import_data/short/shares_available.json,Ortex,scheduled import,dataDerived.lendingPressurePage.cards.utilization.deltaDisplay,Delta Display,string,-1.03 pts(-1.38%),Precomputed by backend/import pipeline; see sibling formula field in the same derived object.,Delta Display is a precomputed derived metric used by the page so the frontend does not calculate it.,Derived metric. Backend/import pipeline should populate this key before the portal reads it.
/monitor/[ticker]/lending-pressure,Lending Pressure,"Borrow fee, share availability, utilization, and on-loan lending pressure page.",short,import_data/short/shares_available.json,Ortex,scheduled import,dataDerived.lendingPressurePage.cards.utilization.previousValue,Previous Value,number,74.6,Precomputed by backend/import pipeline; see sibling formula field in the same derived object.,Previous Value is a precomputed derived metric used by the page so the frontend does not calculate it.,Derived metric. Backend/import pipeline should populate this key before the portal reads it.
/monitor/[ticker]/lending-pressure,Lending Pressure,"Borrow fee, share availability, utilization, and on-loan lending pressure page.",short,import_data/short/shares_available.json,Ortex,scheduled import,dataDerived.lendingPressurePage.cards.utilization.deltaCurrentValue,Delta Current Value,number,73.57,Precomputed by backend/import pipeline; see sibling formula field in the same derived object.,Delta Current Value is a precomputed derived metric used by the page so the frontend does not calculate it.,Derived metric. Backend/import pipeline should populate this key before the portal reads it.
/monitor/[ticker]/lending-pressure,Lending Pressure,"Borrow fee, share availability, utilization, and on-loan lending pressure page.",short,import_data/short/shares_available.json,Ortex,scheduled import,dataDerived.lendingPressurePage.cards.borrowDemand,Borrow Demand,object,"{""label"":""Borrow Demand"",""value"":44,""valueDisplay"":""Moderate"",""formula"":""value = borrowDemand label from borrowDemandScore; change = borrowDemandScore - prev...",Precomputed by backend/import pipeline; see sibling formula field in the same derived object.,Borrow Demand is a precomputed derived metric used by the page so the frontend does not calculate it.,Derived metric. Backend/import pipeline should populate this key before the portal reads it.
/monitor/[ticker]/lending-pressure,Lending Pressure,"Borrow fee, share availability, utilization, and on-loan lending pressure page.",short,import_data/short/shares_available.json,Ortex,scheduled import,dataDerived.lendingPressurePage.cards.borrowDemand.label,Label,string,Borrow Demand,Precomputed by backend/import pipeline; see sibling formula field in the same derived object.,Label is a precomputed derived metric used by the page so the frontend does not calculate it.,Derived metric. Backend/import pipeline should populate this key before the portal reads it.
/monitor/[ticker]/lending-pressure,Lending Pressure,"Borrow fee, share availability, utilization, and on-loan lending pressure page.",short,import_data/short/shares_available.json,Ortex,scheduled import,dataDerived.lendingPressurePage.cards.borrowDemand.value,Value,number,44,Precomputed by backend/import pipeline; see sibling formula field in the same derived object.,Value is a precomputed derived metric used by the page so the frontend does not calculate it.,Derived metric. Backend/import pipeline should populate this key before the portal reads it.
/monitor/[ticker]/lending-pressure,Lending Pressure,"Borrow fee, share availability, utilization, and on-loan lending pressure page.",short,import_data/short/shares_available.json,Ortex,scheduled import,dataDerived.lendingPressurePage.cards.borrowDemand.valueDisplay,Value Display,string,Moderate,Precomputed by backend/import pipeline; see sibling formula field in the same derived object.,Value Display is a precomputed derived metric used by the page so the frontend does not calculate it.,Derived metric. Backend/import pipeline should populate this key before the portal reads it.
/monitor/[ticker]/lending-pressure,Lending Pressure,"Borrow fee, share availability, utilization, and on-loan lending pressure page.",short,import_data/short/shares_available.json,Ortex,scheduled import,dataDerived.lendingPressurePage.cards.borrowDemand.formula,Formula,string,value = borrowDemand label from borrowDemandScore; change = borrowDemandScore - previousBorrowDemandScore; changePercent = change / previousBorrowDemandScore * 100,value = borrowDemand label from borrowDemandScore; change = borrowDemandScore - previousBorrowDemandScore; changePercent = change / previousBorrowDemandScore * 100,Formula is a precomputed derived metric used by the page so the frontend does not calculate it.,Derived metric. Backend/import pipeline should populate this key before the portal reads it.
/monitor/[ticker]/lending-pressure,Lending Pressure,"Borrow fee, share availability, utilization, and on-loan lending pressure page.",short,import_data/short/shares_available.json,Ortex,scheduled import,dataDerived.lendingPressurePage.cards.borrowDemand.sourcePaths,Source Paths,array,1 records,Precomputed by backend/import pipeline; see sibling formula field in the same derived object.,Source Paths is a precomputed derived metric used by the page so the frontend does not calculate it.,Derived metric. Backend/import pipeline should populate this key before the portal reads it.
/monitor/[ticker]/lending-pressure,Lending Pressure,"Borrow fee, share availability, utilization, and on-loan lending pressure page.",short,import_data/short/shares_available.json,Ortex,scheduled import,dataDerived.lendingPressurePage.cards.borrowDemand.sourcePaths[],Source Paths,string,dataDerived.lendingPressurePage.components.borrowDemandScore,Precomputed by backend/import pipeline; see sibling formula field in the same derived object.,Source Paths is a precomputed derived metric used by the page so the frontend does not calculate it.,Derived metric. Backend/import pipeline should populate this key before the portal reads it.
/monitor/[ticker]/lending-pressure,Lending Pressure,"Borrow fee, share availability, utilization, and on-loan lending pressure page.",short,import_data/short/shares_available.json,Ortex,scheduled import,dataDerived.lendingPressurePage.cards.borrowDemand.change,Change,number,0,Precomputed by backend/import pipeline; see sibling formula field in the same derived object.,Change is a precomputed derived metric used by the page so the frontend does not calculate it.,Derived metric. Backend/import pipeline should populate this key before the portal reads it.
/monitor/[ticker]/lending-pressure,Lending Pressure,"Borrow fee, share availability, utilization, and on-loan lending pressure page.",short,import_data/short/shares_available.json,Ortex,scheduled import,dataDerived.lendingPressurePage.cards.borrowDemand.changeDisplay,Change Display,string,0 pts,Precomputed by backend/import pipeline; see sibling formula field in the same derived object.,Change Display is a precomputed derived metric used by the page so the frontend does not calculate it.,Derived metric. Backend/import pipeline should populate this key before the portal reads it.
/monitor/[ticker]/lending-pressure,Lending Pressure,"Borrow fee, share availability, utilization, and on-loan lending pressure page.",short,import_data/short/shares_available.json,Ortex,scheduled import,dataDerived.lendingPressurePage.cards.borrowDemand.changePercent,Change Percent,number,0,Precomputed by backend/import pipeline; see sibling formula field in the same derived object.,Change Percent is a precomputed derived metric used by the page so the frontend does not calculate it.,Derived metric. Backend/import pipeline should populate this key before the portal reads it.
/monitor/[ticker]/lending-pressure,Lending Pressure,"Borrow fee, share availability, utilization, and on-loan lending pressure page.",short,import_data/short/shares_available.json,Ortex,scheduled import,dataDerived.lendingPressurePage.cards.borrowDemand.changePercentDisplay,Change Percent Display,string,0%,Precomputed by backend/import pipeline; see sibling formula field in the same derived object.,Change Percent Display is a precomputed derived metric used by the page so the frontend does not calculate it.,Derived metric. Backend/import pipeline should populate this key before the portal reads it.
/monitor/[ticker]/lending-pressure,Lending Pressure,"Borrow fee, share availability, utilization, and on-loan lending pressure page.",short,import_data/short/shares_available.json,Ortex,scheduled import,dataDerived.lendingPressurePage.cards.borrowDemand.deltaDisplay,Delta Display,string,0 pts(0%),Precomputed by backend/import pipeline; see sibling formula field in the same derived object.,Delta Display is a precomputed derived metric used by the page so the frontend does not calculate it.,Derived metric. Backend/import pipeline should populate this key before the portal reads it.
/monitor/[ticker]/lending-pressure,Lending Pressure,"Borrow fee, share availability, utilization, and on-loan lending pressure page.",short,import_data/short/shares_available.json,Ortex,scheduled import,dataDerived.lendingPressurePage.cards.borrowDemand.previousValue,Previous Value,number,44,Precomputed by backend/import pipeline; see sibling formula field in the same derived object.,Previous Value is a precomputed derived metric used by the page so the frontend does not calculate it.,Derived metric. Backend/import pipeline should populate this key before the portal reads it.
/monitor/[ticker]/lending-pressure,Lending Pressure,"Borrow fee, share availability, utilization, and on-loan lending pressure page.",short,import_data/short/shares_available.json,Ortex,scheduled import,dataDerived.lendingPressurePage.cards.borrowDemand.deltaCurrentValue,Delta Current Value,number,44,Precomputed by backend/import pipeline; see sibling formula field in the same derived object.,Delta Current Value is a precomputed derived metric used by the page so the frontend does not calculate it.,Derived metric. Backend/import pipeline should populate this key before the portal reads it.
/monitor/[ticker]/lending-pressure,Lending Pressure,"Borrow fee, share availability, utilization, and on-loan lending pressure page.",short,import_data/short/utilization.json,Ortex,scheduled import,ticker,Ticker,string,CURR,Direct value from normalized JSON envelope,Stock ticker symbol for the issuer workspace.,Keep this key stable when updating Google Drive JSON. Add new keys as new columns/rows when provider coverage expands.
/monitor/[ticker]/lending-pressure,Lending Pressure,"Borrow fee, share availability, utilization, and on-loan lending pressure page.",short,import_data/short/utilization.json,Ortex,scheduled import,asOfDate,As Of Date,string,2026-05-26,Direct value from normalized JSON envelope,Business date represented by the imported data.,Keep this key stable when updating Google Drive JSON. Add new keys as new columns/rows when provider coverage expands.
/monitor/[ticker]/lending-pressure,Lending Pressure,"Borrow fee, share availability, utilization, and on-loan lending pressure page.",short,import_data/short/utilization.json,Ortex,scheduled import,importedAt,Imported At,string,2026-05-26T11:26:45.496Z,Direct value from normalized JSON envelope,Timestamp when the file was copied or normalized into import_data.,Keep this key stable when updating Google Drive JSON. Add new keys as new columns/rows when provider coverage expands.
/monitor/[ticker]/lending-pressure,Lending Pressure,"Borrow fee, share availability, utilization, and on-loan lending pressure page.",short,import_data/short/utilization.json,Ortex,scheduled import,source,Source,string,Placeholder,Direct value from normalized JSON envelope,Human-readable source note for this normalized file.,Keep this key stable when updating Google Drive JSON. Add new keys as new columns/rows when provider coverage expands.
/monitor/[ticker]/lending-pressure,Lending Pressure,"Borrow fee, share availability, utilization, and on-loan lending pressure page.",short,import_data/short/utilization.json,Ortex,scheduled import,sourcePlatform,Source Platform,string,Ortex,Direct value from normalized JSON envelope,Expected data provider or platform.,Keep this key stable when updating Google Drive JSON. Add new keys as new columns/rows when provider coverage expands.
/monitor/[ticker]/lending-pressure,Lending Pressure,"Borrow fee, share availability, utilization, and on-loan lending pressure page.",short,import_data/short/utilization.json,Ortex,scheduled import,recordType,Record Type,string,utilization,Direct value from normalized JSON envelope,Semantic type of the JSON file.,Keep this key stable when updating Google Drive JSON. Add new keys as new columns/rows when provider coverage expands.
/monitor/[ticker]/lending-pressure,Lending Pressure,"Borrow fee, share availability, utilization, and on-loan lending pressure page.",short,import_data/short/utilization.json,Ortex,scheduled import,category,Category,string,short,Direct value from normalized JSON envelope,Category used by short/utilization views.,Keep this key stable when updating Google Drive JSON. Add new keys as new columns/rows when provider coverage expands.
/monitor/[ticker]/lending-pressure,Lending Pressure,"Borrow fee, share availability, utilization, and on-loan lending pressure page.",short,import_data/short/utilization.json,Ortex,scheduled import,recordCount,Record Count,number,0,Number of records in the envelope data payload,Number of top-level records in the data payload.,Keep this key stable when updating Google Drive JSON. Add new keys as new columns/rows when provider coverage expands.
/monitor/[ticker]/lending-pressure,Lending Pressure,"Borrow fee, share availability, utilization, and on-loan lending pressure page.",short,import_data/short/utilization.json,Ortex,scheduled import,status,Status,string,ready,Direct value from normalized JSON envelope,Status used by short/utilization views.,Keep this key stable when updating Google Drive JSON. Add new keys as new columns/rows when provider coverage expands.
/monitor/[ticker]/lending-pressure,Lending Pressure,"Borrow fee, share availability, utilization, and on-loan lending pressure page.",short,import_data/short/utilization.json,Ortex,scheduled import,notes,Notes,string,No utilization sample file found; connector-ready placeholder.,Direct value from normalized JSON envelope,Notes used by short/utilization views.,Keep this key stable when updating Google Drive JSON. Add new keys as new columns/rows when provider coverage expands.
/monitor/[ticker]/lending-pressure,Lending Pressure,"Borrow fee, share availability, utilization, and on-loan lending pressure page.",short,import_data/short/utilization.json,Ortex,scheduled import,originalFiles,Original Files,array,0 records,Direct value from normalized JSON envelope,Original Files used by short/utilization views.,Keep this key stable when updating Google Drive JSON. Add new keys as new columns/rows when provider coverage expands.
/monitor/[ticker]/lending-pressure,Lending Pressure,"Borrow fee, share availability, utilization, and on-loan lending pressure page.",short,import_data/short/utilization.json,Ortex,scheduled import,data,Data,array,0 records,Direct value from normalized JSON envelope,Data used by short/utilization views.,Keep this key stable when updating Google Drive JSON. Add new keys as new columns/rows when provider coverage expands.
/monitor/[ticker]/lending-pressure,Lending Pressure,"Borrow fee, share availability, utilization, and on-loan lending pressure page.",content,import_data/content/page_content.json,Internal Editorial / Backend Derived Commentary,scheduled import / Drive refresh,data.lendingPressure,Lending Pressure,object,9 keys,Imported page copy/commentary; no frontend calculation.,Lending Pressure is imported page content used by the frontend instead of hardcoded copy.,Backend/editorial workflow should update this key in Google Drive when page copy changes.
/monitor/[ticker]/lending-pressure,Lending Pressure,"Borrow fee, share availability, utilization, and on-loan lending pressure page.",content,import_data/content/page_content.json,Internal Editorial / Backend Derived Commentary,scheduled import / Drive refresh,data.lendingPressure.pageDescription,Page Description,string,"Detailed borrow availability, utilization, borrow fee, and on-loan data used to evaluate short seller pressure.",Imported page copy/commentary; no frontend calculation.,Page Description is imported page content used by the frontend instead of hardcoded copy.,Backend/editorial workflow should update this key in Google Drive when page copy changes.
/monitor/[ticker]/lending-pressure,Lending Pressure,"Borrow fee, share availability, utilization, and on-loan lending pressure page.",content,import_data/content/page_content.json,Internal Editorial / Backend Derived Commentary,scheduled import / Drive refresh,data.lendingPressure.overviewSubtitle,Overview Subtitle,string,"Executive view of share availability, borrowing conditions, inventory utilization, and lending pressure.",Imported page copy/commentary; no frontend calculation.,Overview Subtitle is imported page content used by the frontend instead of hardcoded copy.,Backend/editorial workflow should update this key in Google Drive when page copy changes.
/monitor/[ticker]/lending-pressure,Lending Pressure,"Borrow fee, share availability, utilization, and on-loan lending pressure page.",content,import_data/content/page_content.json,Internal Editorial / Backend Derived Commentary,scheduled import / Drive refresh,data.lendingPressure.pressureNarrative,Pressure Narrative,string,"Borrowing conditions indicate pressure on short sellers based on available inventory, utilization, borrow fee, and borrow demand.",Imported page copy/commentary; no frontend calculation.,Pressure Narrative is imported page content used by the frontend instead of hardcoded copy.,Backend/editorial workflow should update this key in Google Drive when page copy changes.
/monitor/[ticker]/lending-pressure,Lending Pressure,"Borrow fee, share availability, utilization, and on-loan lending pressure page.",content,import_data/content/page_content.json,Internal Editorial / Backend Derived Commentary,scheduled import / Drive refresh,data.lendingPressure.healthyStatusNote,Healthy Status Note,string,Available inventory remains sufficient while utilization is controlled.,Imported page copy/commentary; no frontend calculation.,Healthy Status Note is imported page content used by the frontend instead of hardcoded copy.,Backend/editorial workflow should update this key in Google Drive when page copy changes.
/monitor/[ticker]/lending-pressure,Lending Pressure,"Borrow fee, share availability, utilization, and on-loan lending pressure page.",content,import_data/content/page_content.json,Internal Editorial / Backend Derived Commentary,scheduled import / Drive refresh,data.lendingPressure.reviewStatusNote,Review Status Note,string,Borrow conditions warrant management review and continued monitoring.,Imported page copy/commentary; no frontend calculation.,Review Status Note is imported page content used by the frontend instead of hardcoded copy.,Backend/editorial workflow should update this key in Google Drive when page copy changes.
/monitor/[ticker]/lending-pressure,Lending Pressure,"Borrow fee, share availability, utilization, and on-loan lending pressure page.",content,import_data/content/page_content.json,Internal Editorial / Backend Derived Commentary,scheduled import / Drive refresh,data.lendingPressure.borrowDemandNarrative,Borrow Demand Narrative,string,"Current borrow activity suggests demand for available shares based on utilization, borrow fee, on-loan activity, and available inventory.",Imported page copy/commentary; no frontend calculation.,Borrow Demand Narrative is imported page content used by the frontend instead of hardcoded copy.,Backend/editorial workflow should update this key in Google Drive when page copy changes.
/monitor/[ticker]/lending-pressure,Lending Pressure,"Borrow fee, share availability, utilization, and on-loan lending pressure page.",content,import_data/content/page_content.json,Internal Editorial / Backend Derived Commentary,scheduled import / Drive refresh,data.lendingPressure.positiveContributors,Positive Contributors,array,3 records,Imported page copy/commentary; no frontend calculation.,Positive Contributors is imported page content used by the frontend instead of hardcoded copy.,Backend/editorial workflow should update this key in Google Drive when page copy changes.
/monitor/[ticker]/lending-pressure,Lending Pressure,"Borrow fee, share availability, utilization, and on-loan lending pressure page.",content,import_data/content/page_content.json,Internal Editorial / Backend Derived Commentary,scheduled import / Drive refresh,data.lendingPressure.positiveContributors[],Positive Contributors,string,Borrow fee remains visible,Imported page copy/commentary; no frontend calculation.,Positive Contributors is imported page content used by the frontend instead of hardcoded copy.,Backend/editorial workflow should update this key in Google Drive when page copy changes.
/monitor/[ticker]/lending-pressure,Lending Pressure,"Borrow fee, share availability, utilization, and on-loan lending pressure page.",content,import_data/content/page_content.json,Internal Editorial / Backend Derived Commentary,scheduled import / Drive refresh,data.lendingPressure.negativeContributors,Negative Contributors,array,3 records,Imported page copy/commentary; no frontend calculation.,Negative Contributors is imported page content used by the frontend instead of hardcoded copy.,Backend/editorial workflow should update this key in Google Drive when page copy changes.
/monitor/[ticker]/lending-pressure,Lending Pressure,"Borrow fee, share availability, utilization, and on-loan lending pressure page.",content,import_data/content/page_content.json,Internal Editorial / Backend Derived Commentary,scheduled import / Drive refresh,data.lendingPressure.negativeContributors[],Negative Contributors,string,Large remaining inventory,Imported page copy/commentary; no frontend calculation.,Negative Contributors is imported page content used by the frontend instead of hardcoded copy.,Backend/editorial workflow should update this key in Google Drive when page copy changes.
/monitor/[ticker]/lending-pressure,Lending Pressure,"Borrow fee, share availability, utilization, and on-loan lending pressure page.",content,import_data/content/page_content.json,Internal Editorial / Backend Derived Commentary,scheduled import / Drive refresh,data.lendingPressure.aiLendingAnalysis,Ai Lending Analysis,string,"Current imported data indicates lending pressure. Borrow fees are visible, but available inventory remains meaningful and utilization/on-loan inputs are not yet supported by complete institutional data. Management should monitor borrow fee changes, availability drops, and future utilization feeds as primary indicators.",Imported page copy/commentary; no frontend calculation.,Ai Lending Analysis is imported page content used by the frontend instead of hardcoded copy.,Backend/editorial workflow should update this key in Google Drive when page copy changes.
